order_id,product_id,planned_qty,due_date,status,created_ts,start_ts,end_ts
cf28943d-d748-4246-bbb9-bbc6c8994ff9,GAS-300,42,2025-10-16 17:07:00,S5_DONE,2025-10-09 17:07:00,2025-10-09 20:07:00,2025-10-10 00:55:25
575cf906-efcc-481c-90c3-6830936aa606,GAS-300,62,2025-10-06 08:03:00,S5_DONE,2025-10-02 08:03:00,2025-10-02 12:03:00,2025-10-02 19:54:12
85dd9cd1-1ece-4fa1-92f3-e6b89d06383a,TEMP-100,20,2025-09-29 15:01:00,S5_DONE,2025-09-22 15:01:00,2025-09-22 16:01:00,2025-09-22 23:33:36
756a985a-00bc-4152-af3b-0510cf6d3bd5,HUMID-400,65,2025-08-17 17:10:00,S5_DONE,2025-08-12 17:10:00,2025-08-12 20:10:00,2025-08-12 23:59:15
4bd437b8-9c26-48f1-b1c4-682fe5fced93,MULTI-500,58,2025-10-02 15:16:00,S5_DONE,2025-09-26 15:16:00,2025-09-26 16:16:00,2025-09-26 21:36:43
13c94af1-1408-4c0f-b572-2db1c975a99c,TEMP-100,45,2025-08-13 08:29:00,S5_DONE,2025-08-07 08:29:00,2025-08-07 10:29:00,2025-08-07 14:30:52
f839b40c-7f81-426e-abd5-ef314d1a0bcf,TEMP-100,61,2025-10-23 17:40:00,S5_DONE,2025-10-17 17:40:00,2025-10-17 19:40:00,2025-10-17 23:56:33
8def9d8e-860e-42eb-8938-7334d4328e76,TEMP-100,50,2025-10-18 11:36:00,S5_DONE,2025-10-13 11:36:00,2025-10-13 12:36:00,2025-10-13 14:55:32
22ad53e4-aadb-4aeb-9db1-fda832664b5d,TEMP-101,47,2025-10-20 16:01:00,S5_DONE,2025-10-14 16:01:00,2025-10-14 17:01:00,2025-10-14 19:57:36
ddef2c63-ed26-49e3-ab7c-0e059322a236,MULTI-500,71,2025-09-18 13:48:00,S5_DONE,2025-09-15 13:48:00,2025-09-15 14:48:00,2025-09-15 18:39:20
df204e63-0fed-4c39-8ed4-5eefc071e2b0,TEMP-101,52,2025-11-01 08:47:00,S5_DONE,2025-10-27 08:47:00,2025-10-27 09:47:00,2025-10-27 13:32:22
1bf41106-618a-40a2-8ae0-1950916fb4eb,GAS-300,65,2025-10-19 14:50:00,S5_DONE,2025-10-13 14:50:00,2025-10-13 15:50:00,2025-10-13 23:47:22
df7b349a-08c5-4fac-affa-10d718290702,GAS-300,45,2025-09-25 15:55:00,S5_DONE,2025-09-19 15:55:00,2025-09-19 17:55:00,2025-09-19 20:03:44
2b86e14d-bcfd-479c-aa75-90503f3f8859,TEMP-100,72,2025-10-05 14:00:00,S5_DONE,2025-09-29 14:00:00,2025-09-29 16:00:00,2025-09-29 18:37:30
b074f496-51ea-47be-a2da-b0a812d31191,PRES-200,39,2025-10-26 16:49:00,S5_DONE,2025-10-20 16:49:00,2025-10-20 20:49:00,2025-10-21 03:16:17
c20582e1-550b-457b-968c-82e967ada52a,PRES-200,43,2025-10-08 14:21:00,S5_DONE,2025-10-02 14:21:00,2025-10-02 16:21:00,2025-10-02 23:00:05
46cdd1d0-bb55-44a1-82b7-8d1cfc91f8cc,TEMP-100,50,2025-09-19 14:41:00,S5_DONE,2025-09-16 14:41:00,2025-09-16 17:41:00,2025-09-16 20:13:08
bf4ffedb-bd04-4eb8-aec0-a33914163fec,GAS-300,35,2025-10-12 15:00:00,S5_DONE,2025-10-08 15:00:00,2025-10-08 19:00:00,2025-10-09 02:23:03
01479eac-dcd9-48e8-8a03-76e95fffde1d,TEMP-101,46,2025-10-09 17:54:00,S5_DONE,2025-10-03 17:54:00,2025-10-03 18:54:00,2025-10-04 02:49:07
d0ffbcbc-211c-4e24-80e8-606b8a6a2247,MULTI-501,51,2025-10-21 11:43:00,S5_DONE,2025-10-14 11:43:00,2025-10-14 13:43:00,2025-10-14 17:43:17
8163ba22-d75d-42db-85a8-15da376c485b,PRES-200,61,2025-09-26 11:47:00,S5_DONE,2025-09-19 11:47:00,2025-09-19 15:47:00,2025-09-19 21:47:02
7c36fdcf-c03c-4793-86ac-194bc03c8c22,TEMP-100,40,2025-09-20 13:16:00,S5_DONE,2025-09-17 13:16:00,2025-09-17 14:16:00,2025-09-17 19:10:59
2ac89f26-5d91-45ad-8a4c-7088a0435bd8,TEMP-101,63,2025-09-16 10:12:00,S5_DONE,2025-09-11 10:12:00,2025-09-11 13:12:00,2025-09-11 18:59:50
56816c44-6573-40bb-84be-989af10cdce4,PRES-200,31,2025-09-05 09:41:00,S5_DONE,2025-08-29 09:41:00,2025-08-29 12:41:00,2025-08-29 20:04:40
e7a55208-5f3f-4c8a-9ff4-57dda32199f5,TEMP-101,53,2025-08-14 11:59:00,S5_DONE,2025-08-11 11:59:00,2025-08-11 12:59:00,2025-08-11 19:06:20
6a8d0f59-58ce-48b5-8d68-0d7d0b736928,MULTI-501,62,2025-08-28 17:23:00,S5_DONE,2025-08-25 17:23:00,2025-08-25 18:23:00,2025-08-25 22:41:13
cea052b4-ad48-4412-adb7-e9d178b30b80,PRES-200,25,2025-08-14 10:24:00,S5_DONE,2025-08-08 10:24:00,2025-08-08 11:24:00,2025-08-08 16:00:14
4a4661ea-199e-4f52-aa2e-ef83b9e754da,PRES-201,62,2025-10-03 12:54:00,S5_DONE,2025-09-29 12:54:00,2025-09-29 14:54:00,2025-09-29 19:24:38
67c16b6f-da2c-4782-9274-e79829a7c53f,PRES-201,46,2025-08-21 17:03:00,S5_DONE,2025-08-18 17:03:00,2025-08-18 21:03:00,2025-08-19 04:47:34
04726ad5-6fd4-44b2-950d-51c55b229953,PRES-200,57,2025-09-28 16:17:00,S5_DONE,2025-09-22 16:17:00,2025-09-22 20:17:00,2025-09-23 01:09:09
6e8a27f5-3b9d-405e-b6f4-139def8b86e8,TEMP-100,37,2025-08-18 09:12:00,S5_DONE,2025-08-11 09:12:00,2025-08-11 12:12:00,2025-08-11 16:14:54
67d99de8-1905-43bd-8d99-a0113ff5afde,MULTI-500,57,2025-10-08 13:54:00,S5_DONE,2025-10-01 13:54:00,2025-10-01 14:54:00,2025-10-01 18:28:55
f2660cb5-ef17-49a1-8b17-322cd0dad37e,GAS-300,62,2025-08-17 08:07:00,S5_DONE,2025-08-11 08:07:00,2025-08-11 12:07:00,2025-08-11 14:50:27
ebbe8dc7-fa65-491e-8a64-f9ae76bc9a25,PRES-201,41,2025-08-30 13:39:00,S5_DONE,2025-08-25 13:39:00,2025-08-25 17:39:00,2025-08-26 00:49:33
0553de2b-79fb-4ab7-bf2c-8faa9279fa50,GAS-300,70,2025-09-30 10:09:00,S5_DONE,2025-09-25 10:09:00,2025-09-25 12:09:00,2025-09-25 14:54:42
f9de9354-b064-4bd6-a93a-fc5751913999,TEMP-102,56,2025-10-10 09:21:00,S5_DONE,2025-10-03 09:21:00,2025-10-03 13:21:00,2025-10-03 17:41:25
010024d8-dbca-43e7-85c9-4ba2b14eb6a6,PRES-200,34,2025-10-11 13:39:00,S5_DONE,2025-10-06 13:39:00,2025-10-06 15:39:00,2025-10-06 19:46:18
5a0ddd9c-8b8c-42c2-a653-32171f25ed92,PRES-200,29,2025-09-02 09:16:00,S5_DONE,2025-08-28 09:16:00,2025-08-28 11:16:00,2025-08-28 17:20:45
a7c73a1e-2706-41a4-9248-03cb2ee75f9a,PRES-200,57,2025-08-03 08:52:00,S5_DONE,2025-07-30 08:52:00,2025-07-30 09:52:00,2025-07-30 16:36:20
6f9db57c-30bf-4a53-9a01-4e480083de76,PRES-200,43,2025-08-13 15:31:00,S5_DONE,2025-08-08 15:31:00,2025-08-08 17:31:00,2025-08-09 01:19:12
112645ba-5f87-4453-98f1-cf35790aa781,TEMP-101,55,2025-09-12 13:51:00,S5_DONE,2025-09-08 13:51:00,2025-09-08 16:51:00,2025-09-08 21:52:26
9fbe89c7-4546-41ed-af7a-8eaf98dece26,PRES-200,46,2025-10-07 09:25:00,S5_DONE,2025-10-02 09:25:00,2025-10-02 12:25:00,2025-10-02 15:53:00
6307ef16-ce9f-4f48-a67c-4287e80ca083,TEMP-100,58,2025-09-13 10:52:00,S5_DONE,2025-09-08 10:52:00,2025-09-08 12:52:00,2025-09-08 19:05:23
8d853e56-8f6f-4251-89b9-dfc2e0962830,TEMP-101,69,2025-09-25 17:33:00,S5_DONE,2025-09-22 17:33:00,2025-09-22 18:33:00,2025-09-23 00:37:53
789d0a48-d646-45e8-b137-87ea23f26931,PRES-200,66,2025-08-15 17:35:00,S5_DONE,2025-08-08 17:35:00,2025-08-08 20:35:00,2025-08-08 23:36:05
a9ab60ca-ec9e-4ce9-94de-5be9356905eb,PRES-200,66,2025-08-17 15:58:00,S5_DONE,2025-08-13 15:58:00,2025-08-13 16:58:00,2025-08-14 00:07:54
25f01810-6a62-4efe-bbd3-f8c55ccc275b,GAS-300,12,2025-09-25 13:35:00,S5_DONE,2025-09-19 13:35:00,2025-09-19 17:35:00,2025-09-19 19:58:49
9d47ac80-4da4-4e6d-a5ee-c121372c3023,PRES-200,69,2025-09-21 14:17:00,S5_DONE,2025-09-15 14:17:00,2025-09-15 18:17:00,2025-09-16 00:35:22
f98bc89a-3c07-46e0-a2ca-801e0a68143e,MULTI-501,51,2025-10-09 16:45:00,S5_DONE,2025-10-06 16:45:00,2025-10-06 20:45:00,2025-10-07 00:14:24
82ee63c9-2187-41b3-8c9c-d2b04401ee78,MULTI-500,37,2025-08-24 11:55:00,S5_DONE,2025-08-18 11:55:00,2025-08-18 12:55:00,2025-08-18 17:31:19
ca011dae-cecd-42ea-bf23-960c3f3a856e,TEMP-102,77,2025-09-04 11:33:00,S5_DONE,2025-08-29 11:33:00,2025-08-29 12:33:00,2025-08-29 18:01:21
bc327b03-9abd-4227-bc3e-391ce0eb187c,PRES-200,68,2025-09-13 14:28:00,S5_DONE,2025-09-09 14:28:00,2025-09-09 18:28:00,2025-09-09 21:50:38
4818bbfa-dad0-476d-88ff-3b2508e79930,TEMP-101,22,2025-10-07 12:39:00,S5_DONE,2025-10-02 12:39:00,2025-10-02 14:39:00,2025-10-02 17:25:03
d7b136f6-c3a9-4e15-9662-4e79833032cf,TEMP-102,48,2025-10-12 10:29:00,S5_DONE,2025-10-06 10:29:00,2025-10-06 13:29:00,2025-10-06 16:04:23
3110fe66-1671-4be1-a90b-815daa015199,MULTI-501,79,2025-09-08 08:38:00,S5_DONE,2025-09-05 08:38:00,2025-09-05 11:38:00,2025-09-05 13:42:19
f85b1038-c88a-4db9-97c0-e82099e48886,TEMP-100,45,2025-10-23 15:53:00,S5_DONE,2025-10-17 15:53:00,2025-10-17 18:53:00,2025-10-17 21:09:47
004b88b0-3893-4fc8-9a0d-96e57ac4ea9c,TEMP-100,22,2025-10-19 12:43:00,S5_DONE,2025-10-15 12:43:00,2025-10-15 16:43:00,2025-10-15 19:52:15
2d61e281-37d6-44c7-93b5-dbf6055d60ea,HUMID-400,44,2025-09-18 11:41:00,S5_DONE,2025-09-12 11:41:00,2025-09-12 13:41:00,2025-09-12 21:36:07
6199c39a-9921-4e35-8bb3-670bd4a13d55,TEMP-101,71,2025-10-10 11:23:00,S5_DONE,2025-10-06 11:23:00,2025-10-06 13:23:00,2025-10-06 18:10:17
7ccc9bf2-63ae-4b40-90ea-4d4c71d749dd,MULTI-501,69,2025-08-25 14:51:00,S5_DONE,2025-08-18 14:51:00,2025-08-18 15:51:00,2025-08-18 18:58:37
bc6ca32d-ce19-49d5-9050-9600a715839c,TEMP-102,56,2025-10-15 14:42:00,S5_DONE,2025-10-09 14:42:00,2025-10-09 18:42:00,2025-10-09 22:41:48
a13e35ae-e840-485f-9743-208958109ee0,HUMID-400,38,2025-09-10 16:52:00,S5_DONE,2025-09-03 16:52:00,2025-09-03 17:52:00,2025-09-03 23:57:58
e7d22aac-3db1-463e-8cee-26ba64e79c63,TEMP-102,41,2025-09-08 11:46:00,S5_DONE,2025-09-05 11:46:00,2025-09-05 12:46:00,2025-09-05 18:22:01
cc7bd09b-47c6-47db-b7ba-f473ddd59739,MULTI-500,42,2025-08-08 15:07:00,S5_DONE,2025-08-04 15:07:00,2025-08-04 16:07:00,2025-08-04 21:14:43
d2e49244-f8cf-4b08-a774-7e32664d7e60,TEMP-102,49,2025-08-26 13:54:00,S5_DONE,2025-08-19 13:54:00,2025-08-19 14:54:00,2025-08-19 17:39:44
e6328fa7-fe0c-4a74-af7b-a1c04eec5ac3,TEMP-100,34,2025-10-19 08:34:00,S5_DONE,2025-10-13 08:34:00,2025-10-13 11:34:00,2025-10-13 19:33:26
b7b063a0-baa0-4945-bc08-1eca7496476e,PRES-200,63,2025-08-12 14:54:00,S5_DONE,2025-08-06 14:54:00,2025-08-06 16:54:00,2025-08-06 21:49:51
b8cf1490-137f-4a39-8781-ad935087a248,TEMP-100,64,2025-08-29 09:07:00,S5_DONE,2025-08-26 09:07:00,2025-08-26 13:07:00,2025-08-26 19:38:36
1b50bf35-df07-421a-872a-686dee2acb8c,TEMP-100,37,2025-08-31 08:17:00,S5_DONE,2025-08-25 08:17:00,2025-08-25 09:17:00,2025-08-25 16:45:58
9921e457-fa3c-4dab-9431-6bc42e8ed6ae,TEMP-102,63,2025-08-24 15:14:00,S5_DONE,2025-08-18 15:14:00,2025-08-18 17:14:00,2025-08-19 01:09:20
d2202762-b3ad-4721-b9a8-22e8a3d42a4e,GAS-300,46,2025-10-31 17:57:00,S5_DONE,2025-10-27 17:57:00,2025-10-27 21:57:00,2025-10-28 03:47:30
fbf13fe4-077c-433b-9c19-e208065ce8aa,PRES-200,50,2025-10-16 15:31:00,S5_DONE,2025-10-13 15:31:00,2025-10-13 17:31:00,2025-10-13 22:19:37
9e2481d2-16ba-4722-acd4-3725967d0514,TEMP-102,54,2025-10-24 17:49:00,S5_DONE,2025-10-20 17:49:00,2025-10-20 20:49:00,2025-10-21 00:43:54
eec1b3c7-e29c-46f0-bace-24bf1ed98355,TEMP-100,40,2025-09-08 14:32:00,S5_DONE,2025-09-01 14:32:00,2025-09-01 15:32:00,2025-09-01 17:59:00
05482d4d-fa8c-4247-856f-558c08e594d0,GAS-300,72,2025-08-29 09:44:00,S5_DONE,2025-08-25 09:44:00,2025-08-25 11:44:00,2025-08-25 15:36:58
c2cbb171-d16e-4176-b42c-aa1d3e77ce1c,TEMP-100,44,2025-09-28 08:46:00,S5_DONE,2025-09-22 08:46:00,2025-09-22 12:46:00,2025-09-22 15:12:04
a4529aac-7705-4c93-946d-60fbfc747f4c,TEMP-100,68,2025-10-17 11:03:00,S5_DONE,2025-10-10 11:03:00,2025-10-10 14:03:00,2025-10-10 18:08:05
23f75da6-ae54-4176-ada7-a86642c3fdd8,PRES-200,30,2025-09-29 12:53:00,S5_DONE,2025-09-22 12:53:00,2025-09-22 13:53:00,2025-09-22 17:39:36
9f29d92b-3a3e-4be0-82ae-3518be5356e8,PRES-200,27,2025-08-21 13:26:00,S5_DONE,2025-08-14 13:26:00,2025-08-14 14:26:00,2025-08-14 21:26:03
99d28a45-4253-4fdd-8bc0-8b149edce27b,HUMID-400,55,2025-08-07 13:02:00,S5_DONE,2025-08-04 13:02:00,2025-08-04 15:02:00,2025-08-04 19:22:23
97bcba4b-6a26-4881-991f-fe4289396083,TEMP-100,55,2025-08-15 08:22:00,S5_DONE,2025-08-12 08:22:00,2025-08-12 10:22:00,2025-08-12 14:09:34
0a0e9941-68e7-4e71-b0f2-51aeb722d544,TEMP-100,20,2025-08-11 08:32:00,S5_DONE,2025-08-05 08:32:00,2025-08-05 11:32:00,2025-08-05 13:40:30
0f2b322b-e3e9-488f-880a-0f6dad6b04f9,MULTI-500,31,2025-10-25 11:56:00,S5_DONE,2025-10-20 11:56:00,2025-10-20 13:56:00,2025-10-20 16:48:46
d5a5ff7e-6895-4535-9239-66f4dcdbeffd,GAS-300,48,2025-08-07 08:57:00,S5_DONE,2025-08-04 08:57:00,2025-08-04 11:57:00,2025-08-04 19:42:27
0b81ab35-efe7-4405-a4ba-51aa1db3aada,GAS-300,72,2025-10-11 12:53:00,S5_DONE,2025-10-06 12:53:00,2025-10-06 14:53:00,2025-10-06 21:23:18
0e9fb8e2-2087-48d9-a7fd-9dcaada33495,TEMP-100,49,2025-09-15 12:27:00,S5_DONE,2025-09-08 12:27:00,2025-09-08 15:27:00,2025-09-08 18:52:27
704354e5-dde8-418e-bbb4-b36ed822b284,TEMP-100,40,2025-08-13 14:29:00,S5_DONE,2025-08-06 14:29:00,2025-08-06 18:29:00,2025-08-07 00:03:38
0d9be35c-c7e0-47e7-beb7-5f049c6ced9c,MULTI-500,33,2025-10-27 14:12:00,S5_DONE,2025-10-20 14:12:00,2025-10-20 18:12:00,2025-10-20 23:48:43
8f79458c-842c-413d-9926-8a4bd9cbb57d,TEMP-101,56,2025-08-14 15:24:00,S5_DONE,2025-08-11 15:24:00,2025-08-11 16:24:00,2025-08-11 21:28:38
aed1db04-af5f-49bd-9b31-0f419572d581,HUMID-400,57,2025-10-24 09:22:00,S5_DONE,2025-10-20 09:22:00,2025-10-20 13:22:00,2025-10-20 21:03:07
51be91ac-32e2-42c3-84be-484f68bd59c3,PRES-201,73,2025-09-19 14:40:00,S5_DONE,2025-09-12 14:40:00,2025-09-12 18:40:00,2025-09-12 23:03:07
36c68d04-0dde-4245-9b3d-a395b1e336e8,GAS-300,64,2025-10-25 09:37:00,S5_DONE,2025-10-20 09:37:00,2025-10-20 12:37:00,2025-10-20 17:29:47
5afe240d-9b6e-4dee-add1-45a1f568f2aa,TEMP-102,69,2025-10-20 15:23:00,S5_DONE,2025-10-17 15:23:00,2025-10-17 18:23:00,2025-10-17 23:53:29
bc74e777-b4f3-4110-8ce5-79f75d3de040,PRES-201,33,2025-10-01 08:56:00,S5_DONE,2025-09-24 08:56:00,2025-09-24 09:56:00,2025-09-24 14:14:09
8e29a1c4-17d0-4dd9-bdcf-cd43ba19090a,TEMP-100,62,2025-10-16 11:09:00,S5_DONE,2025-10-09 11:09:00,2025-10-09 12:09:00,2025-10-09 19:15:47
49914bd2-9494-44e5-88a7-7ef290c489bf,TEMP-101,49,2025-09-21 10:25:00,S5_DONE,2025-09-17 10:25:00,2025-09-17 11:25:00,2025-09-17 17:14:17
67cddaf7-05f5-47aa-9d2f-d1fae99e752c,TEMP-101,36,2025-08-22 14:03:00,S5_DONE,2025-08-18 14:03:00,2025-08-18 16:03:00,2025-08-18 19:51:51
466a0912-4a32-4ff4-b595-27056386e381,TEMP-100,34,2025-10-24 09:15:00,S5_DONE,2025-10-20 09:15:00,2025-10-20 13:15:00,2025-10-20 19:47:04
84752ce5-6504-42e3-8158-739cb1ad338c,HUMID-400,48,2025-11-01 08:01:00,S5_DONE,2025-10-27 08:01:00,2025-10-27 10:01:00,2025-10-27 17:50:37
8959f1bd-4c9e-4e1d-b357-1c05f2fd1d75,TEMP-102,46,2025-10-13 09:17:00,S5_DONE,2025-10-06 09:17:00,2025-10-06 12:17:00,2025-10-06 18:34:04
674fedc2-51d9-4f17-b30b-d22009804641,PRES-200,48,2025-09-28 10:48:00,S5_DONE,2025-09-23 10:48:00,2025-09-23 14:48:00,2025-09-23 22:16:45
7b7a6303-a95f-4f23-b0a2-d21e54db7a85,GAS-300,57,2025-08-22 14:19:00,S5_DONE,2025-08-18 14:19:00,2025-08-18 18:19:00,2025-08-18 23:02:57
6e65387d-125a-4f6c-8269-3c70c3d2c60f,MULTI-500,90,2025-10-23 16:06:00,S5_DONE,2025-10-20 16:06:00,2025-10-20 19:06:00,2025-10-20 21:45:34
fcccccfa-912f-4bb2-8f0a-acceb6d922c4,PRES-200,46,2025-10-13 17:27:00,S5_DONE,2025-10-08 17:27:00,2025-10-08 18:27:00,2025-10-08 21:30:19
2690a735-c27e-4199-8093-c55578bde669,TEMP-101,32,2025-10-12 08:44:00,S5_DONE,2025-10-07 08:44:00,2025-10-07 11:44:00,2025-10-07 18:22:32
7e19646c-dbfb-4c9a-9e49-22aa31546e3c,TEMP-102,49,2025-09-01 16:34:00,S5_DONE,2025-08-28 16:34:00,2025-08-28 19:34:00,2025-08-29 01:49:15
900b10da-00ff-4f66-8535-f4807caf7459,GAS-300,71,2025-09-20 09:48:00,S5_DONE,2025-09-16 09:48:00,2025-09-16 10:48:00,2025-09-16 16:03:01
4935ae5d-7af7-4d13-80b5-590cd8315a0c,GAS-300,83,2025-09-05 15:30:00,S5_DONE,2025-09-02 15:30:00,2025-09-02 17:30:00,2025-09-03 00:15:13
18ad8fab-58bd-4007-aa10-7d9bd8f0eaec,PRES-200,64,2025-10-04 08:29:00,S5_DONE,2025-09-29 08:29:00,2025-09-29 11:29:00,2025-09-29 18:06:15
dd97eb5c-d51d-4f5a-b3b7-ccddae395a8d,GAS-300,41,2025-09-10 12:44:00,S5_DONE,2025-09-05 12:44:00,2025-09-05 13:44:00,2025-09-05 21:26:18
39d22ccf-acc6-4956-9f72-80955275ae67,TEMP-100,51,2025-09-19 16:53:00,S5_DONE,2025-09-15 16:53:00,2025-09-15 20:53:00,2025-09-16 04:17:28
1d52376f-cdf3-4ea9-b661-1e7d7a87f47d,TEMP-101,59,2025-08-07 11:23:00,S5_DONE,2025-08-04 11:23:00,2025-08-04 14:23:00,2025-08-04 19:53:52
39292e16-0ffe-4143-97a2-a18f06e20705,MULTI-500,55,2025-09-30 11:56:00,S5_DONE,2025-09-26 11:56:00,2025-09-26 12:56:00,2025-09-26 15:24:28
8b2bdc31-eba0-4f54-b753-dca36d1a5070,TEMP-100,68,2025-09-22 09:12:00,S5_DONE,2025-09-15 09:12:00,2025-09-15 13:12:00,2025-09-15 19:21:54
3514f68f-10be-4210-8f7a-ef83fb2d8fd4,PRES-201,54,2025-09-28 14:39:00,S5_DONE,2025-09-22 14:39:00,2025-09-22 15:39:00,2025-09-22 19:32:47
c4cd0b83-0ea0-4f30-b389-d273ccf67bef,TEMP-100,54,2025-10-28 17:55:00,S5_DONE,2025-10-22 17:55:00,2025-10-22 19:55:00,2025-10-23 00:37:56
41943148-9bcb-4f71-99fb-1e98f02b4924,TEMP-100,66,2025-10-14 10:08:00,S5_DONE,2025-10-07 10:08:00,2025-10-07 12:08:00,2025-10-07 15:08:17
9b8e2c10-e5fd-4b26-bba9-2499f00c69a1,TEMP-100,48,2025-08-22 09:54:00,S5_DONE,2025-08-18 09:54:00,2025-08-18 13:54:00,2025-08-18 20:37:42
7f91b0d5-788c-4e0f-8005-d4ed03e128e4,TEMP-102,50,2025-09-02 14:20:00,S5_DONE,2025-08-26 14:20:00,2025-08-26 18:20:00,2025-08-27 01:05:04
a85e38a3-3e83-4f04-8e31-b68a9a52bb67,TEMP-101,65,2025-08-17 14:18:00,S5_DONE,2025-08-11 14:18:00,2025-08-11 16:18:00,2025-08-11 19:47:50
24245bf8-b00f-43de-9dfb-19f327c976c1,HUMID-400,69,2025-09-28 14:25:00,S5_DONE,2025-09-23 14:25:00,2025-09-23 15:25:00,2025-09-23 19:34:19
fdf9f381-614b-4917-b2a9-c469439c491c,TEMP-102,60,2025-08-25 11:37:00,S5_DONE,2025-08-18 11:37:00,2025-08-18 13:37:00,2025-08-18 16:55:01
922ea5b1-552c-4f09-861a-02d15bb925f5,PRES-200,29,2025-08-11 08:33:00,S5_DONE,2025-08-07 08:33:00,2025-08-07 10:33:00,2025-08-07 16:41:18
6dfd337b-bcb1-4da3-a729-915893045b98,PRES-201,62,2025-10-19 10:21:00,S5_DONE,2025-10-13 10:21:00,2025-10-13 12:21:00,2025-10-13 15:07:35
2a21acb3-45e0-4972-ad2f-9eb959d90ba5,MULTI-500,61,2025-08-05 17:57:00,S5_DONE,2025-07-30 17:57:00,2025-07-30 20:57:00,2025-07-31 02:49:33
32a84deb-9675-498b-ac9a-7140e2d89d74,GAS-300,49,2025-09-16 15:17:00,S5_DONE,2025-09-11 15:17:00,2025-09-11 17:17:00,2025-09-11 23:07:07
cba1a827-601d-4cc0-8372-8f0f2ebfb221,TEMP-102,73,2025-08-23 13:31:00,S5_DONE,2025-08-18 13:31:00,2025-08-18 17:31:00,2025-08-19 01:25:47
e120a99a-353d-431c-b579-1bbf7cb2a99c,PRES-200,41,2025-10-04 16:51:00,S5_DONE,2025-09-30 16:51:00,2025-09-30 17:51:00,2025-10-01 00:17:17
3f6af76d-35cc-474e-902a-3b1fa341b727,TEMP-101,38,2025-08-31 09:21:00,S5_DONE,2025-08-26 09:21:00,2025-08-26 11:21:00,2025-08-26 17:37:09
5ad76691-3d94-46b4-bcc4-898ef0544133,GAS-300,42,2025-10-26 17:11:00,S5_DONE,2025-10-20 17:11:00,2025-10-20 19:11:00,2025-10-21 01:11:13
6bef4c46-88a3-435e-98f9-73a3fa9591ff,GAS-300,55,2025-08-04 10:34:00,S5_DONE,2025-07-31 10:34:00,2025-07-31 13:34:00,2025-07-31 21:24:07
99261df7-e1a2-4dc0-8fd2-9e956fc90b16,PRES-201,52,2025-09-05 17:58:00,S5_DONE,2025-09-01 17:58:00,2025-09-01 18:58:00,2025-09-02 02:58:00
1b768662-c5b7-449e-b6a0-28b4e3ada01c,GAS-300,28,2025-09-27 14:44:00,S5_DONE,2025-09-23 14:44:00,2025-09-23 16:44:00,2025-09-24 00:05:37
539abfff-3806-4e70-9ba3-08197da831a1,GAS-300,43,2025-09-19 11:34:00,S5_DONE,2025-09-15 11:34:00,2025-09-15 14:34:00,2025-09-15 17:00:18
dbfb1e05-a106-4b50-8750-490876d4489f,PRES-201,40,2025-10-12 11:21:00,S5_DONE,2025-10-09 11:21:00,2025-10-09 12:21:00,2025-10-09 18:31:30
bd8314dc-d071-4c18-bf05-37fdf4a95350,PRES-201,43,2025-08-08 09:52:00,S5_DONE,2025-08-01 09:52:00,2025-08-01 13:52:00,2025-08-01 21:29:08
858dddde-a7f7-4bc3-988d-53ea3d2183c4,TEMP-101,30,2025-09-20 10:13:00,S5_DONE,2025-09-15 10:13:00,2025-09-15 11:13:00,2025-09-15 13:55:24
8e7f341e-8eff-4c5b-9297-c28ba69c8176,PRES-200,22,2025-09-13 10:37:00,S5_DONE,2025-09-08 10:37:00,2025-09-08 14:37:00,2025-09-08 20:55:19
0104d52e-976b-4124-88b1-1d4342b24517,TEMP-100,42,2025-10-11 14:04:00,S5_DONE,2025-10-06 14:04:00,2025-10-06 17:04:00,2025-10-06 20:01:44
ce31eead-395d-4b9c-aa0c-067c255e1f86,TEMP-102,16,2025-08-09 14:39:00,S5_DONE,2025-08-04 14:39:00,2025-08-04 16:39:00,2025-08-04 19:59:40
d428a845-f9ca-4fcf-a847-4243a9723a62,GAS-300,51,2025-10-06 14:44:00,S5_DONE,2025-10-03 14:44:00,2025-10-03 18:44:00,2025-10-03 22:59:37
8ef2e969-f326-460a-9a45-f340a1a62598,MULTI-500,34,2025-09-14 10:56:00,S5_DONE,2025-09-08 10:56:00,2025-09-08 13:56:00,2025-09-08 19:21:41
4227c5d9-6fc8-4554-b754-66d3a1e96038,MULTI-500,44,2025-09-25 10:54:00,S5_DONE,2025-09-22 10:54:00,2025-09-22 11:54:00,2025-09-22 14:53:28
b44c024b-ab03-4868-b924-4dab438a4c9f,PRES-200,31,2025-09-19 12:31:00,S5_DONE,2025-09-16 12:31:00,2025-09-16 15:31:00,2025-09-16 23:04:14
a603c142-d4da-456f-8fc1-fa79b504d343,GAS-300,65,2025-09-03 14:12:00,S5_DONE,2025-08-28 14:12:00,2025-08-28 18:12:00,2025-08-28 22:46:17
22cc1a99-f5c9-4943-8cfc-cb7dea16a907,TEMP-101,40,2025-10-04 11:54:00,S5_DONE,2025-09-29 11:54:00,2025-09-29 15:54:00,2025-09-29 23:28:45
dc607050-4535-443d-b8f0-ebabc531c551,TEMP-101,59,2025-09-05 08:51:00,S5_DONE,2025-09-01 08:51:00,2025-09-01 11:51:00,2025-09-01 19:12:27
c8bd0858-299e-4393-bed1-591d6f8687a0,PRES-200,69,2025-09-17 08:58:00,S5_DONE,2025-09-10 08:58:00,2025-09-10 09:58:00,2025-09-10 13:49:03
eae4b018-a681-4473-8b1a-1e284ec78097,TEMP-102,24,2025-10-19 15:17:00,S5_DONE,2025-10-14 15:17:00,2025-10-14 18:17:00,2025-10-15 00:03:51
083ba23b-913a-4684-85a0-0ee5eba4f8b0,TEMP-100,48,2025-09-18 17:49:00,S5_DONE,2025-09-15 17:49:00,2025-09-15 20:49:00,2025-09-16 02:05:42
9a92a5ea-640e-4cc6-a747-2febaeed0433,GAS-300,29,2025-08-10 15:26:00,S5_DONE,2025-08-04 15:26:00,2025-08-04 18:26:00,2025-08-04 23:57:52
8dd36e4b-f500-492d-895e-3b9e41358865,GAS-300,26,2025-10-05 08:30:00,S5_DONE,2025-09-29 08:30:00,2025-09-29 11:30:00,2025-09-29 18:52:32
7ea11baa-f93a-4f34-aa90-8613f87ac075,TEMP-100,40,2025-08-04 13:15:00,S5_DONE,2025-07-30 13:15:00,2025-07-30 17:15:00,2025-07-30 21:29:24
97467663-4f65-4d3e-8640-cf5c6021b863,PRES-201,33,2025-09-21 12:50:00,S5_DONE,2025-09-17 12:50:00,2025-09-17 13:50:00,2025-09-17 16:56:07
feabf4d1-976d-4db8-a4db-ace6e2440cac,PRES-201,37,2025-08-09 14:53:00,S5_DONE,2025-08-04 14:53:00,2025-08-04 17:53:00,2025-08-04 19:56:02
55e3b266-762a-4725-a0e7-b433166ca09f,TEMP-101,47,2025-09-04 16:26:00,S5_DONE,2025-09-01 16:26:00,2025-09-01 20:26:00,2025-09-02 00:05:10
70e5a236-7c4f-4455-ade2-37a2089b6297,TEMP-101,30,2025-08-11 10:06:00,S5_DONE,2025-08-04 10:06:00,2025-08-04 12:06:00,2025-08-04 14:47:50
279a0387-6de9-43d6-b57c-b5be5d3fcc2d,PRES-200,41,2025-10-12 08:57:00,S5_DONE,2025-10-06 08:57:00,2025-10-06 09:57:00,2025-10-06 12:32:55
fab12282-a25e-4aca-92bc-5b9834b5e384,TEMP-101,62,2025-08-10 14:39:00,S5_DONE,2025-08-06 14:39:00,2025-08-06 18:39:00,2025-08-07 01:42:26
63dc55d3-bd73-4171-8a42-07f317b5f1bb,PRES-200,32,2025-09-19 09:15:00,S5_DONE,2025-09-15 09:15:00,2025-09-15 13:15:00,2025-09-15 17:44:54
0b251e88-4572-47b2-932a-b175b09514d8,HUMID-400,29,2025-09-15 10:26:00,S5_DONE,2025-09-09 10:26:00,2025-09-09 14:26:00,2025-09-09 22:04:31
061fa833-3011-4f86-980b-4a1c25e4fc03,TEMP-100,44,2025-10-06 09:01:00,S5_DONE,2025-10-03 09:01:00,2025-10-03 12:01:00,2025-10-03 18:20:24
feeee2e4-5d83-4a37-8412-08f3b003bb63,PRES-200,55,2025-08-09 08:14:00,S5_DONE,2025-08-04 08:14:00,2025-08-04 09:14:00,2025-08-04 11:33:05
d8c1a38e-97af-4a11-89aa-0e93e11c6413,TEMP-100,42,2025-08-18 09:13:00,S5_DONE,2025-08-15 09:13:00,2025-08-15 10:13:00,2025-08-15 16:38:35
64966e25-d345-4d7b-8640-84f99c97e25c,GAS-300,54,2025-08-15 15:48:00,S5_DONE,2025-08-11 15:48:00,2025-08-11 18:48:00,2025-08-11 22:55:40
9dc36b12-7867-41c2-a82b-a30fe11c2cc3,TEMP-101,62,2025-10-01 09:29:00,S5_DONE,2025-09-26 09:29:00,2025-09-26 13:29:00,2025-09-26 21:03:28
2e18cb46-d635-4cfc-830e-00411ef19261,TEMP-101,42,2025-09-18 14:05:00,S5_DONE,2025-09-15 14:05:00,2025-09-15 16:05:00,2025-09-15 18:53:11
911ce32e-5d0a-4747-a045-72727647ad6d,TEMP-100,41,2025-08-18 10:55:00,S5_DONE,2025-08-13 10:55:00,2025-08-13 12:55:00,2025-08-13 15:45:15
7734524d-c96d-45f5-998f-6338fb8b0ee5,PRES-200,35,2025-10-10 11:45:00,S5_DONE,2025-10-06 11:45:00,2025-10-06 13:45:00,2025-10-06 17:33:48
cd398bff-59bc-4f7c-ba9e-9429e3bd79b3,PRES-200,42,2025-10-09 09:24:00,S5_DONE,2025-10-03 09:24:00,2025-10-03 11:24:00,2025-10-03 13:55:53
c3a21568-ced2-4e06-a2be-4708bf443b0c,TEMP-100,42,2025-08-10 09:18:00,S5_DONE,2025-08-07 09:18:00,2025-08-07 12:18:00,2025-08-07 14:26:03
f498d81a-f6cd-4e0a-889a-00bcbf4ebdf7,GAS-300,45,2025-09-03 15:14:00,S5_DONE,2025-08-28 15:14:00,2025-08-28 16:14:00,2025-08-28 23:46:03
52ae8eec-ab71-4043-a8ad-4aed01d2724d,TEMP-100,51,2025-09-19 15:21:00,S5_DONE,2025-09-15 15:21:00,2025-09-15 19:21:00,2025-09-16 00:48:04
4761ef96-7697-4812-9550-9368fc533233,TEMP-101,57,2025-10-27 10:12:00,S5_DONE,2025-10-20 10:12:00,2025-10-20 12:12:00,2025-10-20 19:44:46
2f6c26f6-046f-4fab-894b-1999ff7e0e3c,PRES-200,30,2025-10-27 09:21:00,S5_DONE,2025-10-21 09:21:00,2025-10-21 12:21:00,2025-10-21 15:19:01
813fa419-d166-4b80-8a6f-aa976110787b,PRES-201,26,2025-10-18 09:52:00,S5_DONE,2025-10-15 09:52:00,2025-10-15 13:52:00,2025-10-15 19:45:28
9530700f-57e8-452e-9efb-579ca1c12d24,TEMP-101,48,2025-10-17 09:58:00,S5_DONE,2025-10-13 09:58:00,2025-10-13 12:58:00,2025-10-13 20:21:14
478ef994-1ac7-400b-ac6d-1bba6afe65b3,TEMP-102,53,2025-10-12 14:46:00,S5_DONE,2025-10-08 14:46:00,2025-10-08 17:46:00,2025-10-08 21:59:39
7df8942d-12af-42fb-a943-94365caaeda9,GAS-300,56,2025-10-10 12:03:00,S5_DONE,2025-10-06 12:03:00,2025-10-06 16:03:00,2025-10-06 18:49:32
793ae449-e762-40a5-9ee7-1a5ba68766e4,TEMP-100,25,2025-10-10 12:42:00,S5_DONE,2025-10-03 12:42:00,2025-10-03 16:42:00,2025-10-03 20:39:16
597e3237-4ad9-4521-974a-575eccdf7b30,PRES-200,44,2025-09-09 10:12:00,S5_DONE,2025-09-02 10:12:00,2025-09-02 11:12:00,2025-09-02 18:43:45
e6434302-10b7-4711-8e0e-6d48d7ed1790,TEMP-100,62,2025-10-17 12:39:00,S5_DONE,2025-10-13 12:39:00,2025-10-13 13:39:00,2025-10-13 19:49:31
afdd9a8b-b329-4dbf-b8d7-db1eba914a3f,MULTI-501,37,2025-08-09 10:54:00,S5_DONE,2025-08-04 10:54:00,2025-08-04 11:54:00,2025-08-04 17:40:22
55f55379-5aa7-4fd2-88fd-64425498f262,TEMP-100,40,2025-10-19 14:10:00,S5_DONE,2025-10-13 14:10:00,2025-10-13 18:10:00,2025-10-13 20:17:57
c46cf80c-a2e5-401d-afb4-6467c113559f,HUMID-400,31,2025-09-16 15:44:00,S5_DONE,2025-09-10 15:44:00,2025-09-10 18:44:00,2025-09-11 00:39:49
96b69b3f-9963-4955-ad95-74ac6ce699af,GAS-300,14,2025-10-17 12:36:00,S5_DONE,2025-10-13 12:36:00,2025-10-13 14:36:00,2025-10-13 19:47:29
f6e65a4b-3e53-46c2-9575-74db6ac2ca05,TEMP-100,73,2025-09-06 13:17:00,S5_DONE,2025-09-01 13:17:00,2025-09-01 15:17:00,2025-09-01 22:47:50
2d1aa0e6-c515-4384-9223-8b944f1fc2fc,TEMP-101,36,2025-08-12 15:12:00,S5_DONE,2025-08-08 15:12:00,2025-08-08 18:12:00,2025-08-09 00:05:28
75f4bbce-f168-42c9-8a0d-7fb5e0514608,PRES-201,37,2025-10-06 11:48:00,S5_DONE,2025-10-01 11:48:00,2025-10-01 13:48:00,2025-10-01 21:35:34
55468278-2bfb-405b-b3dd-6ea04ff8c48f,PRES-201,34,2025-09-08 15:58:00,S5_DONE,2025-09-04 15:58:00,2025-09-04 19:58:00,2025-09-05 01:02:46
a270a8fa-85ed-4828-b455-337bcdfae1ee,TEMP-100,38,2025-10-21 14:51:00,S5_DONE,2025-10-17 14:51:00,2025-10-17 16:51:00,2025-10-17 20:04:28
0a4288b4-a701-416b-85aa-ccfde5f64074,TEMP-102,50,2025-08-07 11:09:00,S5_DONE,2025-08-04 11:09:00,2025-08-04 14:09:00,2025-08-04 18:17:16
4c88b537-325a-4f3c-866b-5f8a59c20c4d,GAS-300,59,2025-08-20 15:50:00,S5_DONE,2025-08-15 15:50:00,2025-08-15 16:50:00,2025-08-15 19:03:33
159915a5-d586-4c30-96f1-819735ee54e8,GAS-300,54,2025-10-25 13:25:00,S5_DONE,2025-10-20 13:25:00,2025-10-20 15:25:00,2025-10-20 18:58:37
fcc6b277-1b3c-4f2e-abf8-25df53c65372,PRES-200,46,2025-08-28 12:37:00,S5_DONE,2025-08-25 12:37:00,2025-08-25 14:37:00,2025-08-25 18:04:20
c73a5184-d23c-495a-8861-8eee2ed8de4e,TEMP-102,25,2025-10-19 17:53:00,S5_DONE,2025-10-14 17:53:00,2025-10-14 18:53:00,2025-10-14 21:51:56
21e4bdb5-979d-47af-94d8-d81a436a7c09,PRES-200,28,2025-08-11 15:38:00,S5_DONE,2025-08-04 15:38:00,2025-08-04 19:38:00,2025-08-05 01:47:47
201b3221-f5df-4db5-b719-ee0344da0969,TEMP-101,53,2025-08-13 12:22:00,S5_DONE,2025-08-07 12:22:00,2025-08-07 14:22:00,2025-08-07 21:04:44
200ec988-f193-43e2-b748-68967ca661ba,TEMP-100,47,2025-08-14 14:28:00,S5_DONE,2025-08-07 14:28:00,2025-08-07 17:28:00,2025-08-08 00:52:16
20f7a353-d7e5-4cc8-8164-a2928fa39519,TEMP-100,49,2025-09-07 10:29:00,S5_DONE,2025-09-04 10:29:00,2025-09-04 12:29:00,2025-09-04 17:37:30
4be4b7a4-f7cd-4695-b794-aea925e339b1,GAS-300,33,2025-09-12 08:33:00,S5_DONE,2025-09-08 08:33:00,2025-09-08 11:33:00,2025-09-08 14:39:31
69847b70-6940-4fbe-bdfb-94e000dfae9d,TEMP-100,49,2025-08-26 10:15:00,S5_DONE,2025-08-19 10:15:00,2025-08-19 14:15:00,2025-08-19 17:57:28
5e01179b-2958-4344-9a62-089b0b713b32,PRES-200,34,2025-10-24 14:07:00,S5_DONE,2025-10-21 14:07:00,2025-10-21 18:07:00,2025-10-21 21:45:14
8f01f5c6-b352-4d79-a09e-a167f4410c05,TEMP-100,45,2025-08-02 17:49:00,S5_DONE,2025-07-30 17:49:00,2025-07-30 20:49:00,2025-07-31 03:08:59
ee024943-0f31-49b3-afdf-338b61654865,TEMP-100,55,2025-10-24 14:32:00,S5_DONE,2025-10-20 14:32:00,2025-10-20 17:32:00,2025-10-20 23:17:14
589d49f8-e439-444e-814b-251b53cbcd88,PRES-201,23,2025-08-29 12:43:00,S5_DONE,2025-08-26 12:43:00,2025-08-26 15:43:00,2025-08-26 19:05:39
af6f1d81-c326-4fcc-b6f7-e432d7a9b10f,PRES-201,57,2025-08-11 10:41:00,S5_DONE,2025-08-04 10:41:00,2025-08-04 13:41:00,2025-08-04 16:38:15
74ac410a-fc87-4a0b-b0ce-517010576927,TEMP-100,50,2025-08-28 08:50:00,S5_DONE,2025-08-25 08:50:00,2025-08-25 10:50:00,2025-08-25 15:00:32
73272051-8898-41bf-ab1b-a355df54a15a,GAS-300,37,2025-08-27 10:17:00,S5_DONE,2025-08-22 10:17:00,2025-08-22 13:17:00,2025-08-22 19:45:16
92cbca3b-55ac-4a29-8454-3617bdfa3069,TEMP-101,60,2025-08-18 11:20:00,S5_DONE,2025-08-13 11:20:00,2025-08-13 13:20:00,2025-08-13 16:57:44
0c99d64f-a3ad-4b30-8482-bda7f73bbfaa,MULTI-500,25,2025-09-27 11:47:00,S5_DONE,2025-09-23 11:47:00,2025-09-23 14:47:00,2025-09-23 18:42:19
46eff7bc-3050-4269-a01e-4804439b5cb4,PRES-201,60,2025-09-15 17:29:00,S5_DONE,2025-09-08 17:29:00,2025-09-08 18:29:00,2025-09-09 00:03:44
5a39618b-623d-4e08-afde-3eb076764d97,TEMP-102,76,2025-10-10 13:22:00,S5_DONE,2025-10-03 13:22:00,2025-10-03 14:22:00,2025-10-03 19:35:00
808fa9da-1e61-4a8d-a070-c9f714ce1cf2,GAS-300,31,2025-09-16 15:32:00,S5_DONE,2025-09-11 15:32:00,2025-09-11 16:32:00,2025-09-11 19:48:29
d7625f04-bcb5-4e21-a275-a7164c686202,PRES-200,42,2025-10-25 17:01:00,S5_DONE,2025-10-20 17:01:00,2025-10-20 18:01:00,2025-10-20 21:04:10
eeb3b226-e4dd-4a91-bddb-ba72b558550f,TEMP-102,77,2025-09-27 15:55:00,S5_DONE,2025-09-22 15:55:00,2025-09-22 18:55:00,2025-09-22 22:01:24
fa098464-e842-449c-b562-7421b283e068,TEMP-101,34,2025-11-02 17:25:00,S5_DONE,2025-10-27 17:25:00,2025-10-27 19:25:00,2025-10-28 00:36:17
dbf83d4b-cb38-4792-90cb-291cae7a28cc,GAS-300,48,2025-09-10 10:46:00,S5_DONE,2025-09-03 10:46:00,2025-09-03 12:46:00,2025-09-03 17:31:48
d970ea13-43f6-4720-a31f-96527fd61a45,PRES-200,33,2025-08-25 15:10:00,S5_DONE,2025-08-18 15:10:00,2025-08-18 19:10:00,2025-08-19 01:53:13
6c33b665-2130-4966-adfe-f5d5d4da0e2a,PRES-200,40,2025-10-17 12:28:00,S5_DONE,2025-10-13 12:28:00,2025-10-13 16:28:00,2025-10-13 21:40:41
8023a844-078c-4156-892c-28b3fa3c0015,TEMP-101,70,2025-10-16 11:29:00,S5_DONE,2025-10-09 11:29:00,2025-10-09 15:29:00,2025-10-09 21:02:34
2767012f-56be-459b-a690-8d2cbcd2654d,PRES-201,37,2025-11-01 08:11:00,S5_DONE,2025-10-27 08:11:00,2025-10-27 11:11:00,2025-10-27 14:48:08
8bf67739-94cf-4a2b-b0ef-584181f6bbc1,TEMP-100,54,2025-08-20 15:48:00,S5_DONE,2025-08-15 15:48:00,2025-08-15 16:48:00,2025-08-16 00:14:09
11cd395a-ae50-49d3-b4f2-2efa49ac6c66,TEMP-102,54,2025-10-04 13:21:00,S5_DONE,2025-09-29 13:21:00,2025-09-29 16:21:00,2025-09-29 22:04:46
0afbb9e7-8c36-4e0e-82b8-67bc0d32ce7e,TEMP-101,55,2025-09-02 10:36:00,S5_DONE,2025-08-28 10:36:00,2025-08-28 14:36:00,2025-08-28 19:27:58
2b554a59-fd5b-465a-835e-83fb00a552b3,HUMID-400,52,2025-09-22 10:04:00,S5_DONE,2025-09-19 10:04:00,2025-09-19 11:04:00,2025-09-19 14:16:18
2ad23184-2bae-4a18-8da3-e2cfd89cca42,PRES-200,57,2025-10-19 11:44:00,S5_DONE,2025-10-16 11:44:00,2025-10-16 14:44:00,2025-10-16 19:33:46
b49795fd-9876-427c-847b-2ccb609d043f,GAS-300,83,2025-09-06 14:53:00,S5_DONE,2025-09-01 14:53:00,2025-09-01 15:53:00,2025-09-01 22:43:11
75d012ca-5173-4b55-b514-25560eb037d0,TEMP-100,34,2025-10-27 16:46:00,S5_DONE,2025-10-21 16:46:00,2025-10-21 19:46:00,2025-10-22 01:31:13
e2094681-ec95-4b97-988f-be406510ec32,TEMP-101,50,2025-09-18 16:28:00,S5_DONE,2025-09-15 16:28:00,2025-09-15 20:28:00,2025-09-16 01:16:55
b29878d1-1e02-4511-be1e-28fd75ffc2d0,TEMP-101,66,2025-10-20 13:32:00,S5_DONE,2025-10-13 13:32:00,2025-10-13 17:32:00,2025-10-13 23:23:17
749f9e20-ac41-421b-ad3e-145d1e419d5b,TEMP-100,45,2025-10-21 10:41:00,S5_DONE,2025-10-14 10:41:00,2025-10-14 12:41:00,2025-10-14 19:04:53
bb4a9eb3-94e8-4985-bd43-6a823574435d,PRES-201,84,2025-10-05 10:10:00,S5_DONE,2025-10-02 10:10:00,2025-10-02 12:10:00,2025-10-02 19:50:01
aab0fdd8-fa91-4fba-b502-338c443ecaad,HUMID-400,53,2025-09-23 10:36:00,S5_DONE,2025-09-17 10:36:00,2025-09-17 13:36:00,2025-09-17 21:10:33
c9abbfa3-fc71-4986-845d-3e2ef9c2cea0,PRES-200,40,2025-10-08 13:24:00,S5_DONE,2025-10-01 13:24:00,2025-10-01 14:24:00,2025-10-01 17:38:12
16c033e6-c692-4ecf-8488-a3cb9c606d08,PRES-200,51,2025-08-21 15:04:00,S5_DONE,2025-08-18 15:04:00,2025-08-18 16:04:00,2025-08-18 23:25:50
8a5d1566-37e8-4350-9ff2-a9326787fd03,GAS-300,41,2025-08-06 08:07:00,S5_DONE,2025-07-31 08:07:00,2025-07-31 12:07:00,2025-07-31 18:14:15
2e09efc0-3f35-4064-92f0-ec23ac0c07ee,HUMID-400,42,2025-10-05 14:00:00,S5_DONE,2025-10-01 14:00:00,2025-10-01 18:00:00,2025-10-01 22:39:57
8b2b16b6-b94c-4c6d-8474-afba7bb04cf9,TEMP-100,44,2025-09-15 08:06:00,S5_DONE,2025-09-10 08:06:00,2025-09-10 11:06:00,2025-09-10 14:46:21
3b232412-2470-4bd4-be06-d66466e0434d,PRES-200,70,2025-09-08 15:50:00,S5_DONE,2025-09-01 15:50:00,2025-09-01 19:50:00,2025-09-02 01:17:15
dd35ddc4-5887-48e3-9cb3-ebe2beae3e3a,PRES-201,19,2025-08-31 12:30:00,S5_DONE,2025-08-25 12:30:00,2025-08-25 16:30:00,2025-08-25 22:47:59
867b492f-8486-4f68-9a7a-c3c1d240adf8,GAS-300,46,2025-08-24 14:20:00,S5_DONE,2025-08-18 14:20:00,2025-08-18 16:20:00,2025-08-18 22:20:58
32ec03cf-bb6d-4d51-b8cf-f6431734b151,TEMP-100,78,2025-08-30 13:12:00,S5_DONE,2025-08-25 13:12:00,2025-08-25 14:12:00,2025-08-25 21:41:04
cfee54c8-7aaf-4e5d-896a-de749ed9520c,TEMP-100,55,2025-08-29 08:29:00,S5_DONE,2025-08-25 08:29:00,2025-08-25 12:29:00,2025-08-25 16:28:08
091086c8-be1f-4a6b-9470-cc803297cfe9,GAS-300,45,2025-09-18 17:38:00,S5_DONE,2025-09-12 17:38:00,2025-09-12 20:38:00,2025-09-13 00:19:18
fdb30f48-2536-4265-b7df-f84fddc06e7c,TEMP-102,48,2025-09-29 10:16:00,S5_DONE,2025-09-22 10:16:00,2025-09-22 11:16:00,2025-09-22 14:05:44
8ce64d30-6f3b-4a07-99ef-0439ad0ab7d5,GAS-300,61,2025-09-30 17:53:00,S5_DONE,2025-09-26 17:53:00,2025-09-26 20:53:00,2025-09-27 03:46:47
1afe0cf1-3dc1-417e-9c8f-6c7720414933,PRES-201,48,2025-08-25 16:15:00,S5_DONE,2025-08-18 16:15:00,2025-08-18 17:15:00,2025-08-18 22:46:04
f522aa0c-66e0-49f3-838c-e883b189d680,PRES-200,69,2025-09-11 14:00:00,S5_DONE,2025-09-08 14:00:00,2025-09-08 18:00:00,2025-09-08 21:55:09
394b5f2a-ef4e-457a-942e-dc329bb54e97,TEMP-100,46,2025-10-26 15:20:00,S5_DONE,2025-10-22 15:20:00,2025-10-22 19:20:00,2025-10-22 23:17:33
67aece46-430f-4f4f-8457-8eb2eb52e23f,GAS-300,64,2025-09-30 15:07:00,S5_DONE,2025-09-24 15:07:00,2025-09-24 18:07:00,2025-09-25 02:00:25
b5260da5-ddc0-49ba-b8b6-ea22c0a7d7f8,TEMP-100,38,2025-10-27 15:39:00,S5_DONE,2025-10-23 15:39:00,2025-10-23 17:39:00,2025-10-24 00:41:07
e805c81f-98d5-4d49-a13e-d583224e564a,TEMP-100,46,2025-08-02 10:46:00,S5_DONE,2025-07-30 10:46:00,2025-07-30 12:46:00,2025-07-30 18:01:31
752455ae-b707-4415-a642-24f9761a0e2d,PRES-200,76,2025-09-30 15:52:00,S5_DONE,2025-09-23 15:52:00,2025-09-23 19:52:00,2025-09-23 23:37:56
a51743a4-1026-41c5-aef1-23e1ba2f2cb6,TEMP-101,22,2025-10-22 11:35:00,S5_DONE,2025-10-17 11:35:00,2025-10-17 13:35:00,2025-10-17 16:53:55
3553baf5-f56c-47d8-a16d-d740ef088e11,TEMP-100,47,2025-09-23 17:59:00,S5_DONE,2025-09-16 17:59:00,2025-09-16 21:59:00,2025-09-17 00:35:54
8c8fdcc4-baf3-4797-a80a-8f11ad08db06,GAS-300,48,2025-10-28 17:53:00,S5_DONE,2025-10-21 17:53:00,2025-10-21 19:53:00,2025-10-22 03:24:16
6b313760-3403-44d9-a17c-aff616e83729,PRES-201,57,2025-09-30 13:00:00,S5_DONE,2025-09-23 13:00:00,2025-09-23 15:00:00,2025-09-23 22:40:04
6b164546-0127-4496-a645-cc5cbb60a7f6,TEMP-100,67,2025-09-05 10:19:00,S5_DONE,2025-09-01 10:19:00,2025-09-01 12:19:00,2025-09-01 14:44:03
ef756bce-8536-4521-a517-84d40262f6d6,TEMP-100,33,2025-09-14 09:58:00,S5_DONE,2025-09-11 09:58:00,2025-09-11 10:58:00,2025-09-11 18:53:24
d384ad7e-f263-477f-9719-52151f67cc30,TEMP-100,41,2025-09-14 15:21:00,S5_DONE,2025-09-09 15:21:00,2025-09-09 17:21:00,2025-09-09 22:30:37
01a25ef5-f3a7-4be6-b199-e0009c569959,TEMP-102,63,2025-11-03 16:43:00,S5_DONE,2025-10-27 16:43:00,2025-10-27 18:43:00,2025-10-28 01:20:23
93f1fce9-0e10-4efc-b68c-ba487a41111d,TEMP-100,39,2025-09-19 10:38:00,S5_DONE,2025-09-15 10:38:00,2025-09-15 12:38:00,2025-09-15 18:23:24
fc5366e6-17cd-426a-8e68-bb03dcb771cd,MULTI-500,46,2025-10-20 17:54:00,S5_DONE,2025-10-13 17:54:00,2025-10-13 19:54:00,2025-10-14 02:50:23
2f0c3af4-2c8b-4cd9-b2a6-b135642d45d6,TEMP-100,52,2025-09-14 11:52:00,S5_DONE,2025-09-08 11:52:00,2025-09-08 12:52:00,2025-09-08 19:25:41
ba3cb501-7505-4f17-87f9-f2a92ce69caa,TEMP-100,63,2025-09-03 12:42:00,S5_DONE,2025-08-28 12:42:00,2025-08-28 13:42:00,2025-08-28 17:24:14
b0ab795b-c08f-4d9f-8f34-983be08f5b40,PRES-200,39,2025-08-22 14:32:00,S5_DONE,2025-08-19 14:32:00,2025-08-19 16:32:00,2025-08-19 19:04:42
aae9233f-756d-4173-acfb-bd0753b08796,MULTI-500,33,2025-09-26 14:56:00,S5_DONE,2025-09-22 14:56:00,2025-09-22 17:56:00,2025-09-22 21:03:28
4f7d70b0-94ac-45d6-9724-d9c13956420f,TEMP-101,48,2025-10-16 16:53:00,S5_DONE,2025-10-13 16:53:00,2025-10-13 20:53:00,2025-10-13 23:22:04
aa2c8c69-f44e-459b-ae1e-07a6a539f362,TEMP-101,79,2025-08-04 08:13:00,S5_DONE,2025-07-29 08:13:00,2025-07-29 10:13:00,2025-07-29 17:07:00
4311ef7a-580d-432a-9baa-51de7a3af46a,PRES-200,34,2025-11-03 11:23:00,S5_DONE,2025-10-27 11:23:00,2025-10-27 13:23:00,2025-10-27 18:47:57
18645229-440a-4a80-94fe-7aa0452c8885,PRES-200,46,2025-09-08 16:45:00,S5_DONE,2025-09-03 16:45:00,2025-09-03 17:45:00,2025-09-03 22:10:43
a4ea066e-700c-43ed-aa9f-37742ca1a6c5,MULTI-500,58,2025-10-20 14:06:00,S5_DONE,2025-10-13 14:06:00,2025-10-13 15:06:00,2025-10-13 18:03:07
039840f2-d693-483c-83ad-77401e3f5d2f,PRES-200,55,2025-10-17 17:49:00,S5_DONE,2025-10-13 17:49:00,2025-10-13 19:49:00,2025-10-14 01:47:24
fdf22bdb-4080-4001-85d8-1e06a9fe8c7c,GAS-300,36,2025-10-11 12:42:00,S5_DONE,2025-10-06 12:42:00,2025-10-06 16:42:00,2025-10-06 20:44:34
a4a6ffe8-1128-4c8b-8a91-2f97c8fdea64,TEMP-101,16,2025-08-14 17:34:00,S5_DONE,2025-08-11 17:34:00,2025-08-11 19:34:00,2025-08-12 02:10:33
9881c32a-6171-4abc-b5e5-882a00dcf7f6,PRES-201,46,2025-10-16 17:04:00,S5_DONE,2025-10-09 17:04:00,2025-10-09 18:04:00,2025-10-09 21:47:52
64938b54-8e10-4f3d-bc61-654a591a1433,GAS-300,63,2025-09-19 09:16:00,S5_DONE,2025-09-15 09:16:00,2025-09-15 12:16:00,2025-09-15 16:59:33
f419429c-5b96-4f07-83b7-4265a80570ef,PRES-200,54,2025-10-03 17:18:00,S5_DONE,2025-09-29 17:18:00,2025-09-29 19:18:00,2025-09-30 02:28:06
8b2862af-1553-40f1-8069-d25a7d51de16,TEMP-100,17,2025-10-27 14:32:00,S5_DONE,2025-10-22 14:32:00,2025-10-22 18:32:00,2025-10-23 00:19:44
57e4a945-9f6d-4a69-9ba4-b2112061800b,TEMP-101,45,2025-08-31 09:51:00,S5_DONE,2025-08-25 09:51:00,2025-08-25 13:51:00,2025-08-25 19:55:14
f92bc14d-5238-4b41-b797-962b197dc310,TEMP-100,88,2025-09-10 15:41:00,S5_DONE,2025-09-05 15:41:00,2025-09-05 16:41:00,2025-09-05 18:56:25
b0ffb818-99bb-470a-955b-42c84672f27c,TEMP-101,33,2025-10-01 14:01:00,S5_DONE,2025-09-24 14:01:00,2025-09-24 17:01:00,2025-09-24 21:05:26
9d1d06ea-2e6a-41f1-8e23-698fec006fa7,PRES-200,45,2025-09-11 15:27:00,S5_DONE,2025-09-08 15:27:00,2025-09-08 16:27:00,2025-09-08 22:10:41
11f0c378-4dd1-464c-b22a-634d2326a905,GAS-300,51,2025-08-10 14:54:00,S5_DONE,2025-08-07 14:54:00,2025-08-07 16:54:00,2025-08-07 23:01:53
8d37b3e6-8791-47bb-80da-3104924a0459,TEMP-100,57,2025-09-07 15:56:00,S5_DONE,2025-09-03 15:56:00,2025-09-03 16:56:00,2025-09-03 23:44:30
0213ccd1-cc11-4fe2-bb45-217bdb3add3f,TEMP-102,56,2025-08-12 15:08:00,S5_DONE,2025-08-05 15:08:00,2025-08-05 16:08:00,2025-08-05 19:45:12
810b7aaf-933a-4c28-bac9-20468c89d21e,PRES-200,53,2025-10-27 08:46:00,S5_DONE,2025-10-21 08:46:00,2025-10-21 09:46:00,2025-10-21 16:11:15
abac8e3d-0f7e-4f36-ad32-a2746c6386c3,TEMP-101,64,2025-08-29 16:52:00,S5_DONE,2025-08-25 16:52:00,2025-08-25 20:52:00,2025-08-25 23:57:46
6beeb4f2-3a30-4104-a8d6-7cf86e39415f,TEMP-100,22,2025-10-03 12:59:00,S5_DONE,2025-09-29 12:59:00,2025-09-29 16:59:00,2025-09-29 21:51:54
bc18accd-52a9-4f24-916a-8b9efa221b61,PRES-201,47,2025-08-23 09:15:00,S5_DONE,2025-08-18 09:15:00,2025-08-18 12:15:00,2025-08-18 18:30:04
da50eaee-a75e-44c0-9fc5-84d29653ec47,HUMID-400,59,2025-10-12 14:35:00,S5_DONE,2025-10-08 14:35:00,2025-10-08 15:35:00,2025-10-08 21:50:20
f839237e-2e08-4887-a89e-7cbb77160566,TEMP-100,59,2025-09-14 17:06:00,S5_DONE,2025-09-09 17:06:00,2025-09-09 20:06:00,2025-09-10 01:17:23
f420a1df-f59c-499a-84f8-2564ee3d00c6,PRES-200,61,2025-10-24 15:24:00,S5_DONE,2025-10-21 15:24:00,2025-10-21 16:24:00,2025-10-21 19:53:45
d9bd0c04-96d1-4400-8db9-77b5c099da22,GAS-300,54,2025-10-06 17:56:00,S5_DONE,2025-09-29 17:56:00,2025-09-29 20:56:00,2025-09-30 00:45:33
8bd42211-466f-4d77-a540-f4313a678a42,GAS-300,47,2025-08-09 08:52:00,S5_DONE,2025-08-04 08:52:00,2025-08-04 11:52:00,2025-08-04 19:38:19
c1a161b8-0008-4fca-a8a5-2bac4fb384a4,TEMP-100,61,2025-10-09 09:49:00,S5_DONE,2025-10-06 09:49:00,2025-10-06 11:49:00,2025-10-06 19:17:57
19bb75a9-b138-4c12-8cba-ead469c949ed,TEMP-100,44,2025-10-30 11:38:00,S5_DONE,2025-10-23 11:38:00,2025-10-23 12:38:00,2025-10-23 18:00:32
abe5a5e6-fde4-47c7-9fe4-8a23f0585a60,TEMP-102,61,2025-10-18 08:49:00,S5_DONE,2025-10-13 08:49:00,2025-10-13 10:49:00,2025-10-13 17:26:55
9d6e0d20-6e82-4146-bdac-c2bcd770bfb0,TEMP-101,35,2025-10-06 11:01:00,S5_DONE,2025-09-29 11:01:00,2025-09-29 12:01:00,2025-09-29 16:00:04
7729e7d1-63bc-4dd9-82f1-ac795e422b65,TEMP-100,42,2025-08-09 14:29:00,S5_DONE,2025-08-05 14:29:00,2025-08-05 18:29:00,2025-08-06 00:25:29
6afea119-d7ad-478e-89ab-70f7dd74bf4f,GAS-300,58,2025-09-18 14:17:00,S5_DONE,2025-09-15 14:17:00,2025-09-15 17:17:00,2025-09-15 19:35:17
58cc5bb8-56d9-4c25-9413-97479f236b17,TEMP-101,46,2025-08-31 11:45:00,S5_DONE,2025-08-25 11:45:00,2025-08-25 14:45:00,2025-08-25 17:20:32
f90ab41f-0ee8-47e1-9a2e-5a2bc5386fab,TEMP-101,57,2025-10-06 09:29:00,S5_DONE,2025-09-30 09:29:00,2025-09-30 10:29:00,2025-09-30 15:45:19
cbf6ec27-5eea-4205-844e-e1c1b8a4c930,PRES-200,14,2025-09-08 09:26:00,S5_DONE,2025-09-03 09:26:00,2025-09-03 10:26:00,2025-09-03 16:06:54
b2ad188b-f506-481c-99ec-c7dfced34c24,MULTI-500,54,2025-10-14 14:11:00,S5_DONE,2025-10-07 14:11:00,2025-10-07 16:11:00,2025-10-07 20:30:33
fbf0aff5-1921-47f1-aeed-15a157116b77,TEMP-100,32,2025-10-02 09:57:00,S5_DONE,2025-09-29 09:57:00,2025-09-29 11:57:00,2025-09-29 16:25:25
4a690c4f-f7c7-4e5a-b47e-54aea020653b,PRES-200,46,2025-09-18 09:46:00,S5_DONE,2025-09-12 09:46:00,2025-09-12 13:46:00,2025-09-12 15:59:26
10791da0-aaff-4b8a-b4de-cc7412037eec,TEMP-101,47,2025-10-20 14:56:00,S5_DONE,2025-10-13 14:56:00,2025-10-13 17:56:00,2025-10-13 20:47:18
6530d0da-04f3-4d32-9ccf-c84fc103612f,TEMP-100,24,2025-10-05 13:15:00,S5_DONE,2025-10-02 13:15:00,2025-10-02 15:15:00,2025-10-02 18:25:22
25756725-c1b7-4dd6-866c-2a63f1e82543,PRES-200,43,2025-09-11 14:48:00,S5_DONE,2025-09-04 14:48:00,2025-09-04 17:48:00,2025-09-04 22:52:15
bdc64626-77a4-4a33-995f-fc1b0b4ffc51,TEMP-101,52,2025-10-03 16:12:00,S5_DONE,2025-09-29 16:12:00,2025-09-29 18:12:00,2025-09-29 21:46:54
f8c10878-3783-4f01-92b8-8ea91e71251d,MULTI-500,49,2025-10-25 15:21:00,S5_DONE,2025-10-22 15:21:00,2025-10-22 16:21:00,2025-10-22 22:23:50
0028753c-e5d0-4eb8-9935-61b614e51f88,PRES-200,38,2025-10-01 08:36:00,S5_DONE,2025-09-25 08:36:00,2025-09-25 10:36:00,2025-09-25 18:11:50
44242b55-6f0d-450c-881c-061630b9d6c4,TEMP-102,59,2025-10-09 17:10:00,S5_DONE,2025-10-06 17:10:00,2025-10-06 19:10:00,2025-10-06 22:35:46
161aff72-4572-452a-a888-cf0f2b07809d,PRES-200,20,2025-10-31 13:23:00,S5_DONE,2025-10-27 13:23:00,2025-10-27 14:23:00,2025-10-27 17:42:20
dff5c8a6-8c39-4a74-8b7f-0edc9e5d0c2b,PRES-200,50,2025-09-11 10:52:00,S5_DONE,2025-09-08 10:52:00,2025-09-08 12:52:00,2025-09-08 20:24:21
54ab741e-41b9-4910-8f23-a4943a4214ca,TEMP-100,49,2025-09-15 16:15:00,S5_DONE,2025-09-08 16:15:00,2025-09-08 17:15:00,2025-09-09 00:02:21
128ffae8-8e19-43df-bca0-95103dc052e8,PRES-200,65,2025-08-17 08:52:00,S5_DONE,2025-08-11 08:52:00,2025-08-11 10:52:00,2025-08-11 18:48:02
ed3aea99-6475-4a62-97f4-b6084212f91d,PRES-201,48,2025-09-11 09:13:00,S5_DONE,2025-09-08 09:13:00,2025-09-08 10:13:00,2025-09-08 12:36:46
8f76bc0e-60c0-45fc-92c6-fb7488ff13cb,TEMP-100,50,2025-10-23 09:58:00,S5_DONE,2025-10-20 09:58:00,2025-10-20 10:58:00,2025-10-20 18:38:41
bcfb9e61-671a-4f56-b65b-9fe7727dd1b0,GAS-300,39,2025-08-02 14:43:00,S5_DONE,2025-07-30 14:43:00,2025-07-30 17:43:00,2025-07-30 23:52:49
3177f08b-bc8c-4db6-8da9-da42fdd2fc46,TEMP-100,35,2025-10-06 14:13:00,S5_DONE,2025-09-29 14:13:00,2025-09-29 17:13:00,2025-09-29 22:36:55
dd438549-23d2-4865-9af6-cea2ff1942db,PRES-200,49,2025-10-16 16:01:00,S5_DONE,2025-10-13 16:01:00,2025-10-13 20:01:00,2025-10-14 02:03:34
79f8d78c-dd00-4696-bd87-36b305901146,TEMP-101,35,2025-08-24 08:32:00,S5_DONE,2025-08-18 08:32:00,2025-08-18 09:32:00,2025-08-18 13:50:35
d8cb0e06-8bd7-4dc5-8ee0-c1ae2840e92c,TEMP-101,52,2025-10-07 09:59:00,S5_DONE,2025-09-30 09:59:00,2025-09-30 10:59:00,2025-09-30 15:04:02
327933f3-05c3-4b18-9c75-63c4050d974f,PRES-200,41,2025-09-11 15:12:00,S5_DONE,2025-09-08 15:12:00,2025-09-08 19:12:00,2025-09-08 23:50:13
fa87986e-790f-40f4-8c03-aff1f56680d7,MULTI-501,59,2025-09-14 16:04:00,S5_DONE,2025-09-09 16:04:00,2025-09-09 17:04:00,2025-09-09 21:00:23
abcccd01-5d48-4e74-9ce3-df269633c728,PRES-200,50,2025-09-07 16:25:00,S5_DONE,2025-09-04 16:25:00,2025-09-04 19:25:00,2025-09-04 22:20:46
75a0fab7-baa9-4c1d-8539-21645df13cd3,HUMID-400,62,2025-10-18 11:07:00,S5_DONE,2025-10-13 11:07:00,2025-10-13 12:07:00,2025-10-13 14:39:33
7061c9c1-1792-42a2-ad87-eb12d4bc0430,GAS-300,69,2025-09-04 14:21:00,S5_DONE,2025-09-01 14:21:00,2025-09-01 16:21:00,2025-09-01 19:00:33
c4269eb3-c028-4cf5-9471-7e5ff52b9cec,TEMP-100,34,2025-10-20 14:54:00,S5_DONE,2025-10-17 14:54:00,2025-10-17 18:54:00,2025-10-17 21:22:03
7c8b7694-5cc4-4858-9ace-c59592ecef0b,PRES-200,55,2025-09-15 13:21:00,S5_DONE,2025-09-10 13:21:00,2025-09-10 14:21:00,2025-09-10 20:57:19
e95b10a9-1256-408b-862b-9840082114f5,GAS-300,29,2025-08-11 10:06:00,S5_DONE,2025-08-08 10:06:00,2025-08-08 14:06:00,2025-08-08 18:25:17
1dc99fe2-0ae2-42aa-9ef0-85c60fb554f5,PRES-200,57,2025-09-18 13:09:00,S5_DONE,2025-09-12 13:09:00,2025-09-12 16:09:00,2025-09-12 18:57:39
c8269ddf-6440-4907-82d7-60ee55337417,TEMP-102,58,2025-08-21 11:14:00,S5_DONE,2025-08-18 11:14:00,2025-08-18 12:14:00,2025-08-18 17:32:09
923f3956-8d6b-4202-9619-f22e426d64a1,TEMP-100,28,2025-10-04 10:49:00,S5_DONE,2025-09-29 10:49:00,2025-09-29 12:49:00,2025-09-29 18:01:55
9d833168-1e7a-4473-a06d-9b237a17fc6f,TEMP-101,55,2025-10-09 17:34:00,S5_DONE,2025-10-06 17:34:00,2025-10-06 20:34:00,2025-10-07 03:17:56
a0625d1a-5e97-4226-a3ab-3981fc6363a3,TEMP-102,38,2025-10-25 08:30:00,S5_DONE,2025-10-20 08:30:00,2025-10-20 10:30:00,2025-10-20 17:57:01
1874eb75-6d6e-42c4-8204-59fa5d2852b5,PRES-201,39,2025-09-04 13:15:00,S5_DONE,2025-09-01 13:15:00,2025-09-01 15:15:00,2025-09-01 22:50:00
a5bb896d-9880-40a6-9fc3-8f4a0c1515c5,GAS-300,30,2025-10-19 13:34:00,S5_DONE,2025-10-13 13:34:00,2025-10-13 15:34:00,2025-10-13 18:53:49
5ee198b6-b4db-4860-9a80-0f58dd2c9a15,TEMP-101,44,2025-10-03 16:22:00,S5_DONE,2025-09-29 16:22:00,2025-09-29 17:22:00,2025-09-29 21:01:41
3f2c82d9-0e05-411f-8348-76f0b744d5f9,GAS-300,40,2025-10-09 17:20:00,S5_DONE,2025-10-06 17:20:00,2025-10-06 21:20:00,2025-10-07 03:52:05
9a58fcd5-e9a9-454c-98de-1a42c280dac2,TEMP-101,66,2025-08-10 16:06:00,S5_DONE,2025-08-04 16:06:00,2025-08-04 18:06:00,2025-08-04 21:45:10
2997bb9b-3848-4e25-95f9-c0aa43b955a6,GAS-300,44,2025-09-13 17:08:00,S5_DONE,2025-09-08 17:08:00,2025-09-08 20:08:00,2025-09-09 02:59:17
b7be983a-6a99-4e7d-94ad-143e0b35ee65,TEMP-100,69,2025-09-15 08:31:00,S5_DONE,2025-09-08 08:31:00,2025-09-08 12:31:00,2025-09-08 19:46:18
22182112-3b29-45b8-a9ef-121331938ef2,TEMP-101,46,2025-10-25 08:43:00,S5_DONE,2025-10-20 08:43:00,2025-10-20 09:43:00,2025-10-20 16:36:00
4a6ab2e4-2335-438c-861c-1183bb1b63f0,TEMP-100,54,2025-10-19 10:57:00,S5_DONE,2025-10-13 10:57:00,2025-10-13 13:57:00,2025-10-13 16:07:14
9827d475-01a9-43c1-94c6-c7c0ce7e84f4,TEMP-100,54,2025-09-21 12:14:00,S5_DONE,2025-09-16 12:14:00,2025-09-16 16:14:00,2025-09-16 20:39:22
e75c34f4-250e-4d89-90f3-9754342cfad1,PRES-200,27,2025-09-17 08:24:00,S5_DONE,2025-09-10 08:24:00,2025-09-10 09:24:00,2025-09-10 12:10:11
dfeb38ae-efc6-4e53-b303-612db116562e,PRES-200,57,2025-09-11 15:14:00,S5_DONE,2025-09-08 15:14:00,2025-09-08 16:14:00,2025-09-08 22:34:30
01870933-3937-4921-bb07-fcfd9b072ff8,TEMP-100,57,2025-09-22 09:51:00,S5_DONE,2025-09-16 09:51:00,2025-09-16 12:51:00,2025-09-16 16:23:17
2d524f14-9859-498d-b733-c8128f198b0e,TEMP-100,28,2025-08-11 12:37:00,S5_DONE,2025-08-04 12:37:00,2025-08-04 16:37:00,2025-08-04 22:06:50
a2f2737c-5cea-4570-b072-0b5503b2af34,TEMP-101,63,2025-10-13 16:42:00,S5_DONE,2025-10-09 16:42:00,2025-10-09 19:42:00,2025-10-10 00:43:47
aaed77b4-ebdd-49ff-b567-91c7e5996b18,TEMP-100,57,2025-10-14 08:45:00,S5_DONE,2025-10-07 08:45:00,2025-10-07 10:45:00,2025-10-07 14:51:18
668fbd28-5049-46bb-a1c9-64ba3ce34b90,PRES-200,47,2025-10-01 11:20:00,S5_DONE,2025-09-24 11:20:00,2025-09-24 15:20:00,2025-09-24 20:20:07
133216a9-2364-4d90-a840-99679605990b,PRES-201,46,2025-08-28 09:27:00,S5_DONE,2025-08-25 09:27:00,2025-08-25 10:27:00,2025-08-25 18:12:05
6d4214c6-7d6f-4729-8fe2-9789b66af4d4,TEMP-100,60,2025-09-29 08:15:00,S5_DONE,2025-09-23 08:15:00,2025-09-23 11:15:00,2025-09-23 14:13:29
eba4b2f6-89fe-4d00-8dba-91675f38fff8,GAS-300,53,2025-08-19 11:49:00,S5_DONE,2025-08-15 11:49:00,2025-08-15 13:49:00,2025-08-15 20:28:41
3832962e-980d-4091-96d1-a5c1e52241d7,TEMP-100,42,2025-09-07 12:48:00,S5_DONE,2025-09-02 12:48:00,2025-09-02 14:48:00,2025-09-02 21:11:50
591b31fb-dd38-4f01-a706-112f5da7891d,GAS-300,63,2025-10-11 13:37:00,S5_DONE,2025-10-06 13:37:00,2025-10-06 15:37:00,2025-10-06 22:29:34
68853a91-0ba5-45aa-bf96-d1b69fe31cbd,PRES-201,51,2025-09-14 12:05:00,S5_DONE,2025-09-11 12:05:00,2025-09-11 13:05:00,2025-09-11 15:54:31
d6bc75b8-8ca1-41a0-a5a5-b42e0c3560fa,PRES-200,39,2025-08-12 13:42:00,S5_DONE,2025-08-07 13:42:00,2025-08-07 17:42:00,2025-08-07 22:05:07
3410b381-4c21-4dc7-9b65-74f1d0577e80,TEMP-100,52,2025-08-15 16:55:00,S5_DONE,2025-08-11 16:55:00,2025-08-11 20:55:00,2025-08-12 01:19:48
aabbbdd0-1c41-401e-9e11-0a3fe5ef702f,TEMP-102,70,2025-09-26 14:47:00,S5_DONE,2025-09-19 14:47:00,2025-09-19 17:47:00,2025-09-19 20:20:40
e5033398-bd7f-4c77-a226-ee2d0abcbcc1,PRES-201,45,2025-09-16 13:44:00,S5_DONE,2025-09-10 13:44:00,2025-09-10 17:44:00,2025-09-10 23:32:39
9fd09343-3082-4abe-abb3-91a9a5f7a07e,TEMP-102,59,2025-10-29 15:47:00,S5_DONE,2025-10-24 15:47:00,2025-10-24 19:47:00,2025-10-25 00:20:25
0532e00f-cd6d-4315-8810-a575e82a5a0c,TEMP-100,55,2025-09-10 12:38:00,S5_DONE,2025-09-05 12:38:00,2025-09-05 13:38:00,2025-09-05 20:23:30
a07bf917-f198-477e-a280-2e37489db790,TEMP-101,44,2025-08-28 15:11:00,S5_DONE,2025-08-21 15:11:00,2025-08-21 16:11:00,2025-08-21 20:36:01
e382cebc-f2e8-4fa1-8607-2f5140bf8a4e,GAS-300,73,2025-09-26 10:12:00,S5_DONE,2025-09-19 10:12:00,2025-09-19 12:12:00,2025-09-19 14:29:46
56e04363-e652-45f7-84d2-b704a2ce1a9a,HUMID-400,54,2025-08-12 13:59:00,S5_DONE,2025-08-07 13:59:00,2025-08-07 14:59:00,2025-08-07 17:14:33
493e115b-19b9-4939-b939-894d9f8293c4,GAS-300,59,2025-10-11 17:01:00,S5_DONE,2025-10-06 17:01:00,2025-10-06 21:01:00,2025-10-07 02:22:51
ec807b24-df1f-43bc-87b5-250b992dba78,TEMP-100,46,2025-08-18 10:26:00,S5_DONE,2025-08-14 10:26:00,2025-08-14 13:26:00,2025-08-14 17:49:23
8b4ef021-1a0c-4f6b-be49-c5e45a881d87,GAS-300,41,2025-09-14 12:10:00,S5_DONE,2025-09-11 12:10:00,2025-09-11 16:10:00,2025-09-11 21:56:23
6886b1a1-2448-4cf5-b29b-92530d3686dd,TEMP-101,44,2025-10-12 15:49:00,S5_DONE,2025-10-08 15:49:00,2025-10-08 19:49:00,2025-10-09 02:17:08
f1a2fb9c-7b7c-4867-8da1-818e32ada38d,TEMP-101,30,2025-08-12 17:45:00,S5_DONE,2025-08-05 17:45:00,2025-08-05 18:45:00,2025-08-06 01:42:54
2c6f9c27-f7ec-4bd0-a819-553ae3c7d8bc,GAS-300,51,2025-08-04 09:58:00,S5_DONE,2025-07-29 09:58:00,2025-07-29 13:58:00,2025-07-29 16:12:55
eaab7775-9957-4af9-9a88-a22c0f5bb04e,GAS-300,75,2025-10-07 16:40:00,S5_DONE,2025-10-02 16:40:00,2025-10-02 20:40:00,2025-10-02 22:55:10
c96903cb-6401-4b74-9678-65ea1c9ba8de,TEMP-100,53,2025-09-18 09:35:00,S5_DONE,2025-09-12 09:35:00,2025-09-12 10:35:00,2025-09-12 13:36:05
30b85a84-6b1c-4f6e-bf7a-8f0840e96c5d,TEMP-100,46,2025-09-19 13:52:00,S5_DONE,2025-09-15 13:52:00,2025-09-15 16:52:00,2025-09-15 22:29:10
a5ea1983-3515-4e3b-afc2-875541e9cec8,GAS-300,56,2025-10-16 13:29:00,S5_DONE,2025-10-13 13:29:00,2025-10-13 17:29:00,2025-10-13 22:54:59
b519f3b3-9d15-4dd6-82a5-afdd75b802da,TEMP-102,55,2025-08-23 17:38:00,S5_DONE,2025-08-18 17:38:00,2025-08-18 18:38:00,2025-08-19 00:28:40
9943b655-a456-4453-9958-3f9e79525b5d,GAS-300,47,2025-09-11 16:31:00,S5_DONE,2025-09-05 16:31:00,2025-09-05 19:31:00,2025-09-06 01:17:42
a202ea27-f310-4458-91de-f72668e77c5f,MULTI-500,34,2025-08-10 08:57:00,S5_DONE,2025-08-04 08:57:00,2025-08-04 09:57:00,2025-08-04 16:09:43
a97dac3b-36ff-4105-80fc-30045c2ce479,PRES-200,58,2025-09-26 11:35:00,S5_DONE,2025-09-22 11:35:00,2025-09-22 15:35:00,2025-09-22 21:07:30
fdecaebb-cc5f-485c-9cfb-b3d9743532dd,PRES-200,73,2025-08-30 17:32:00,S5_DONE,2025-08-26 17:32:00,2025-08-26 20:32:00,2025-08-27 03:14:24
05631921-80b8-4dc1-9e25-f63a0b1ef62b,TEMP-101,58,2025-08-05 17:01:00,S5_DONE,2025-07-29 17:01:00,2025-07-29 21:01:00,2025-07-30 01:43:15
d38810d7-77e8-488d-9de2-85baf62dd205,TEMP-100,33,2025-08-29 13:46:00,S5_DONE,2025-08-25 13:46:00,2025-08-25 14:46:00,2025-08-25 19:06:33
05137361-3b81-4982-96f3-c4e4eb1bb1af,TEMP-101,62,2025-08-04 14:01:00,S5_DONE,2025-07-29 14:01:00,2025-07-29 16:01:00,2025-07-29 23:41:57
fc7fedbb-570d-45d9-8a40-2145df17ea58,TEMP-101,35,2025-09-01 08:43:00,S5_DONE,2025-08-29 08:43:00,2025-08-29 10:43:00,2025-08-29 18:36:44
9694d544-b905-446c-ab7b-8f4c29d3b33b,TEMP-100,63,2025-10-29 17:23:00,S5_DONE,2025-10-22 17:23:00,2025-10-22 20:23:00,2025-10-22 22:38:23
cee7b899-9490-4d07-a2fa-a5aa7a507dba,TEMP-102,70,2025-08-29 13:06:00,S5_DONE,2025-08-25 13:06:00,2025-08-25 16:06:00,2025-08-25 22:41:51
c9f1de96-1465-494b-a359-86ac110e9959,GAS-300,59,2025-09-11 10:07:00,S5_DONE,2025-09-05 10:07:00,2025-09-05 14:07:00,2025-09-05 19:05:29
ce0d6871-767c-48fc-8526-8f9a06c1c857,TEMP-101,49,2025-10-24 16:26:00,S5_DONE,2025-10-20 16:26:00,2025-10-20 17:26:00,2025-10-20 23:38:22
7ea35af1-50f2-4c1b-9d90-6d496e51ffe4,TEMP-101,41,2025-08-24 13:52:00,S5_DONE,2025-08-21 13:52:00,2025-08-21 16:52:00,2025-08-21 18:56:08
dc3f4842-8853-40a8-9cb9-9160487b47b7,TEMP-101,52,2025-08-31 14:02:00,S5_DONE,2025-08-25 14:02:00,2025-08-25 17:02:00,2025-08-25 22:54:22
222e4df4-2106-4461-9026-67675e914ab7,TEMP-100,70,2025-09-21 09:24:00,S5_DONE,2025-09-17 09:24:00,2025-09-17 10:24:00,2025-09-17 17:11:10
5e957967-874b-48aa-83a8-23045e896614,PRES-200,10,2025-08-08 10:43:00,S5_DONE,2025-08-04 10:43:00,2025-08-04 11:43:00,2025-08-04 18:02:16
a9ac9bbe-22d2-40d6-847a-7be1b0d500a5,GAS-300,53,2025-10-20 15:53:00,S5_DONE,2025-10-13 15:53:00,2025-10-13 18:53:00,2025-10-13 23:04:01
835d3c5b-88fe-4e20-9670-8b37aabe656e,TEMP-100,81,2025-08-15 15:15:00,S5_DONE,2025-08-11 15:15:00,2025-08-11 17:15:00,2025-08-12 00:58:48
8e4a4485-2777-4663-918e-a2af21dd5137,PRES-201,48,2025-10-28 16:03:00,S5_DONE,2025-10-21 16:03:00,2025-10-21 19:03:00,2025-10-22 02:03:52
73e60587-8876-4682-b73a-e6e25d8b8aef,PRES-201,58,2025-08-26 09:20:00,S5_DONE,2025-08-22 09:20:00,2025-08-22 13:20:00,2025-08-22 16:07:38
005cd844-06d8-4bd4-940f-a0c51744acb7,TEMP-100,62,2025-08-12 09:33:00,S5_DONE,2025-08-07 09:33:00,2025-08-07 13:33:00,2025-08-07 20:02:47
2806692d-75ba-4989-bda9-f74759cc63ec,MULTI-501,60,2025-10-15 16:41:00,S5_DONE,2025-10-10 16:41:00,2025-10-10 17:41:00,2025-10-11 01:36:33
9c140e37-aa28-420f-a3be-1dd399cec782,TEMP-100,37,2025-10-17 10:56:00,S5_DONE,2025-10-13 10:56:00,2025-10-13 11:56:00,2025-10-13 14:00:28
eec8596f-844b-41c4-a01d-998e218ad127,PRES-201,42,2025-11-02 08:17:00,S5_DONE,2025-10-27 08:17:00,2025-10-27 12:17:00,2025-10-27 18:26:16
e20d9446-02f4-46fb-bf9c-cea267d20389,HUMID-400,67,2025-10-03 14:00:00,S5_DONE,2025-09-30 14:00:00,2025-09-30 17:00:00,2025-10-01 00:42:54
8b7d248e-b3ae-4f62-9921-1d48f345cce3,HUMID-400,56,2025-09-12 12:59:00,S5_DONE,2025-09-08 12:59:00,2025-09-08 16:59:00,2025-09-08 20:28:52
ea1f1284-5065-46cb-9731-c6eb5aebacca,TEMP-101,41,2025-10-04 08:14:00,S5_DONE,2025-10-01 08:14:00,2025-10-01 12:14:00,2025-10-01 18:09:05
1b8c1466-a695-476c-ae26-763578e269a0,TEMP-101,45,2025-08-06 16:34:00,S5_DONE,2025-08-01 16:34:00,2025-08-01 17:34:00,2025-08-02 01:27:34
83f57609-85f1-4242-b440-7a1b42c202d7,PRES-200,38,2025-09-29 13:20:00,S5_DONE,2025-09-24 13:20:00,2025-09-24 17:20:00,2025-09-25 01:14:44
9d4c010a-7ed1-4ce2-8b4f-c15e2fe70e9f,PRES-200,32,2025-10-27 10:31:00,S5_DONE,2025-10-20 10:31:00,2025-10-20 14:31:00,2025-10-20 17:22:47
841e25e9-815e-46d2-b8c1-b7651eef0ea6,TEMP-100,55,2025-09-22 11:03:00,S5_DONE,2025-09-18 11:03:00,2025-09-18 14:03:00,2025-09-18 19:44:01
8f75df13-c12e-456d-8a9f-92047e03e4c7,TEMP-100,49,2025-09-05 17:12:00,S5_DONE,2025-09-02 17:12:00,2025-09-02 20:12:00,2025-09-02 23:23:56
693be346-36c0-4a60-866f-44ec508c001a,PRES-200,43,2025-08-23 15:25:00,S5_DONE,2025-08-18 15:25:00,2025-08-18 18:25:00,2025-08-19 01:17:09
9bbed9c0-6f8e-4934-9cb2-321d11466a09,PRES-200,42,2025-08-27 10:22:00,S5_DONE,2025-08-20 10:22:00,2025-08-20 12:22:00,2025-08-20 20:21:46
0fd70747-564d-4f8f-b970-53c45d6e5ed5,TEMP-100,53,2025-08-16 11:33:00,S5_DONE,2025-08-11 11:33:00,2025-08-11 15:33:00,2025-08-11 20:30:15
de953d7a-1d20-4d78-94dc-e1e989d6ac7f,MULTI-501,58,2025-08-23 10:07:00,S5_DONE,2025-08-18 10:07:00,2025-08-18 13:07:00,2025-08-18 16:40:35
45c1bf5a-fe53-44a7-abf2-e87d6d466843,PRES-200,63,2025-09-15 17:22:00,S5_DONE,2025-09-08 17:22:00,2025-09-08 21:22:00,2025-09-09 00:17:03
8be2ae7c-4f2a-4fd8-b094-94f793c97f27,TEMP-100,59,2025-08-17 16:50:00,S5_DONE,2025-08-11 16:50:00,2025-08-11 18:50:00,2025-08-11 23:10:30
34607100-b284-41c2-b9f5-7b732e39cb7e,PRES-200,64,2025-10-05 17:22:00,S5_DONE,2025-10-01 17:22:00,2025-10-01 18:22:00,2025-10-01 20:35:50
985fabdd-e017-4f60-a6bd-b7951f0ac0c9,GAS-300,56,2025-09-13 16:57:00,S5_DONE,2025-09-08 16:57:00,2025-09-08 20:57:00,2025-09-09 03:27:55
72791a06-17c7-4627-a03a-93d25bea2f8e,TEMP-100,53,2025-10-10 13:51:00,S5_DONE,2025-10-06 13:51:00,2025-10-06 15:51:00,2025-10-06 20:58:41
a5fcef24-ad99-47eb-b531-a8f84333d6cd,HUMID-400,42,2025-09-29 15:53:00,S5_DONE,2025-09-24 15:53:00,2025-09-24 18:53:00,2025-09-24 22:54:05
8866a7dd-199d-479e-8cc0-46ede5081daf,PRES-201,44,2025-08-31 15:14:00,S5_DONE,2025-08-25 15:14:00,2025-08-25 18:14:00,2025-08-25 23:59:33
8df200b4-b0a9-4473-aeca-cb76997e9a57,TEMP-102,72,2025-09-02 14:56:00,S2_ASSEMBLY,2025-08-27 14:56:00,2025-08-27 15:56:00,
ddd6f898-4c1f-4579-90e1-dccc028e07ee,MULTI-501,76,2025-08-24 14:08:00,S4_PACK,2025-08-21 14:08:00,2025-08-21 18:08:00,
f6f44029-26ca-4308-9aab-a580734db7e9,PRES-200,55,2025-09-01 11:49:00,S2_ASSEMBLY,2025-08-29 11:49:00,2025-08-29 15:49:00,
6ee238a1-91d8-4879-8443-d0e794e20038,PRES-201,47,2025-09-07 14:34:00,S4_PACK,2025-09-04 14:34:00,2025-09-04 18:34:00,
3ec2ebaa-bc01-44e3-9259-4f7a50f99fa0,TEMP-100,61,2025-09-25 15:29:00,S4_PACK,2025-09-22 15:29:00,2025-09-22 18:29:00,
5b6bb9cf-d6fa-4a13-a4b5-e5cc34349a45,TEMP-100,60,2025-10-05 12:41:00,S1_READY,2025-09-29 12:41:00,2025-09-29 13:41:00,
e9383201-7eff-4f39-9811-015751548d7f,TEMP-100,34,2025-10-10 09:38:00,S2_ASSEMBLY,2025-10-03 09:38:00,2025-10-03 11:38:00,
29a6acef-99c5-4c62-a662-9c0c588def0b,HUMID-400,49,2025-09-29 13:17:00,S3_INSPECTION,2025-09-26 13:17:00,2025-09-26 14:17:00,
88e5b4ea-9804-4729-8974-373463ab979c,TEMP-102,60,2025-10-02 11:25:00,S3_INSPECTION,2025-09-26 11:25:00,2025-09-26 14:25:00,
3c587da1-6b45-4d7b-ad51-27791220b310,TEMP-100,50,2025-09-07 13:55:00,S2_ASSEMBLY,2025-09-03 13:55:00,2025-09-03 17:55:00,
68a0e0b7-0e6c-40d1-a2a5-0369d180fa16,GAS-300,42,2025-09-04 12:59:00,S3_INSPECTION,2025-09-01 12:59:00,2025-09-01 16:59:00,
23221d4e-82ea-4046-b3ef-3a8c3d3be0f3,PRES-200,55,2025-10-24 16:20:00,S1_READY,2025-10-20 16:20:00,2025-10-20 19:20:00,
1e0dbd6d-ae7e-44e6-bd43-e0cbdade904f,TEMP-100,43,2025-09-08 09:28:00,S2_ASSEMBLY,2025-09-01 09:28:00,2025-09-01 10:28:00,
da0c0b51-3570-4a12-9e37-4ab497e4de27,TEMP-100,45,2025-09-18 09:14:00,S4_PACK,2025-09-12 09:14:00,2025-09-12 10:14:00,
a2da9e22-5de6-45c1-9d46-aa7e68d961f8,TEMP-100,52,2025-10-28 13:27:00,S4_PACK,2025-10-22 13:27:00,2025-10-22 14:27:00,
01cc1612-236a-4fcc-9084-072139f8b330,PRES-200,57,2025-08-20 10:43:00,S1_READY,2025-08-14 10:43:00,2025-08-14 14:43:00,
27523ac7-c729-4f17-85a6-6fab8033b85e,TEMP-101,64,2025-10-25 17:04:00,S3_INSPECTION,2025-10-20 17:04:00,2025-10-20 19:04:00,
b3da1e47-7bc9-4577-a259-4d45447e7cd4,GAS-300,49,2025-08-09 16:30:00,S1_READY,2025-08-04 16:30:00,2025-08-04 17:30:00,
82719382-6063-43fe-af94-bf3de0478e38,TEMP-100,40,2025-10-24 11:24:00,S4_PACK,2025-10-20 11:24:00,2025-10-20 14:24:00,
eb4fe3bc-0486-45d1-97a6-777e873a1920,TEMP-100,57,2025-08-17 15:45:00,S2_ASSEMBLY,2025-08-12 15:45:00,2025-08-12 19:45:00,
c47c6069-732c-4098-993b-ab445da88ed9,PRES-200,40,2025-10-28 14:44:00,S1_READY,2025-10-23 14:44:00,2025-10-23 15:44:00,
19cd7de2-b1c0-4a85-97dd-2cccde27e9bc,GAS-300,49,2025-08-17 16:51:00,S1_READY,2025-08-11 16:51:00,2025-08-11 17:51:00,
f8065946-7573-467d-82c2-6a41dfaa93c9,PRES-201,45,2025-09-25 17:32:00,S3_INSPECTION,2025-09-19 17:32:00,2025-09-19 19:32:00,
a8e9f9ee-9407-41d9-adcd-9e52c7aaf1c4,PRES-200,40,2025-10-07 14:18:00,S1_READY,2025-10-03 14:18:00,2025-10-03 18:18:00,
15c05ee4-4a58-4c54-aaf2-a25157b38cc2,HUMID-400,31,2025-09-29 14:13:00,S3_INSPECTION,2025-09-25 14:13:00,2025-09-25 16:13:00,
3031c058-5e15-4988-871b-913fc4c91628,PRES-200,63,2025-09-08 12:28:00,S2_ASSEMBLY,2025-09-01 12:28:00,2025-09-01 16:28:00,
bebd8cd5-b57d-496a-99c8-84b799d18da4,PRES-201,50,2025-09-28 08:36:00,S2_ASSEMBLY,2025-09-22 08:36:00,2025-09-22 09:36:00,
54b7e9a1-aeb7-496a-bc98-7ff7fa85cfcf,TEMP-102,81,2025-08-07 15:04:00,S2_ASSEMBLY,2025-08-01 15:04:00,2025-08-01 19:04:00,
b38422e2-bea9-45cc-91a5-ae3e9e380b45,GAS-300,51,2025-08-12 17:49:00,S2_ASSEMBLY,2025-08-07 17:49:00,2025-08-07 20:49:00,
68887855-1fa9-4a6f-9eaf-c5acee9ac224,GAS-300,63,2025-08-23 15:48:00,S3_INSPECTION,2025-08-18 15:48:00,2025-08-18 16:48:00,
3b587a50-747e-40ee-877b-9a8e3b7c6b74,PRES-201,43,2025-08-25 11:48:00,S2_ASSEMBLY,2025-08-18 11:48:00,2025-08-18 13:48:00,
299bacce-9cd4-4800-b6a4-639aefe744a4,TEMP-100,27,2025-08-30 09:52:00,S1_READY,2025-08-25 09:52:00,2025-08-25 10:52:00,
6ab6b44c-ff6a-425e-9e67-51a08b79c9bb,TEMP-100,61,2025-08-11 12:38:00,S1_READY,2025-08-04 12:38:00,2025-08-04 16:38:00,
5eabacb3-9da0-435c-8ece-019e9bcb3adb,PRES-201,50,2025-09-11 09:11:00,S3_INSPECTION,2025-09-08 09:11:00,2025-09-08 10:11:00,
a0d915ea-c7e0-4d61-a624-bfa164c574cc,TEMP-100,79,2025-08-06 17:32:00,S3_INSPECTION,2025-07-30 17:32:00,2025-07-30 19:32:00,
0e23faae-ec70-4bc6-8ffb-31fea99f50f5,PRES-200,47,2025-09-22 08:24:00,S2_ASSEMBLY,2025-09-15 08:24:00,2025-09-15 10:24:00,
0eea177a-84c9-469a-af0b-dbc3f60abecc,TEMP-100,54,2025-08-08 16:18:00,S4_PACK,2025-08-04 16:18:00,2025-08-04 18:18:00,
37bfdf77-00a3-412a-a731-cb872b412cf5,TEMP-100,65,2025-08-22 09:57:00,S4_PACK,2025-08-19 09:57:00,2025-08-19 10:57:00,
d1281928-5b43-4e6b-89e7-50bf7e5dc0b7,TEMP-102,51,2025-09-16 09:22:00,S1_READY,2025-09-10 09:22:00,2025-09-10 11:22:00,
dbed2460-4a5b-49de-a7b1-de1ab3c139a2,PRES-200,85,2025-10-13 14:26:00,S3_INSPECTION,2025-10-10 14:26:00,2025-10-10 15:26:00,
173f1b24-9333-4182-af07-9fe4af6b4a28,GAS-300,22,2025-08-15 10:18:00,S4_PACK,2025-08-08 10:18:00,2025-08-08 13:18:00,
1d817f3f-abe9-4bee-9331-efde6528d03f,TEMP-101,57,2025-08-07 16:15:00,S3_INSPECTION,2025-08-04 16:15:00,2025-08-04 18:15:00,
7c642326-c8df-48cb-b1ca-55ce674ec94e,GAS-300,49,2025-10-08 08:12:00,S4_PACK,2025-10-03 08:12:00,2025-10-03 11:12:00,
e574e9aa-497b-47ac-9641-7b2b8b13d2e3,TEMP-100,57,2025-09-14 14:14:00,S1_READY,2025-09-08 14:14:00,2025-09-08 16:14:00,
8ac57c3d-fe0f-468a-8e49-4967db264ef3,GAS-300,36,2025-10-03 09:24:00,S4_PACK,2025-09-29 09:24:00,2025-09-29 12:24:00,
f33d66e7-f066-4832-b141-23539bfd6367,PRES-201,52,2025-09-30 12:35:00,S4_PACK,2025-09-24 12:35:00,2025-09-24 13:35:00,
f726744c-f2cc-4246-a72f-d469799c0e4f,MULTI-501,71,2025-08-06 17:39:00,S3_INSPECTION,2025-07-30 17:39:00,2025-07-30 20:39:00,
61068599-b798-4207-857c-5a7d1a19b93a,TEMP-101,61,2025-10-08 13:51:00,S3_INSPECTION,2025-10-02 13:51:00,2025-10-02 15:51:00,
075105fb-7f23-44b3-b0c7-a17d2ce7aa00,TEMP-101,27,2025-08-30 09:09:00,S2_ASSEMBLY,2025-08-25 09:09:00,2025-08-25 11:09:00,
0d0bdf49-1730-4422-a0b4-a435b19e098f,GAS-300,33,2025-09-09 09:24:00,S2_ASSEMBLY,2025-09-02 09:24:00,2025-09-02 13:24:00,
b6f41282-9be3-4549-81ce-71840a6b01cb,TEMP-100,42,2025-08-18 17:53:00,S0_PLANNED,2025-08-11 17:53:00,,
6b6ad114-bcd7-4cba-88cd-eb09b2a73990,TEMP-101,54,2025-09-06 16:27:00,S0_PLANNED,2025-09-03 16:27:00,,
93f4b5d0-73af-4e26-9591-3e5d8cf40562,TEMP-100,52,2025-08-29 16:35:00,S0_PLANNED,2025-08-25 16:35:00,,
567fcf7f-c2e7-405a-b6f2-29ecce7204d8,GAS-300,68,2025-08-15 08:17:00,S0_PLANNED,2025-08-08 08:17:00,,
4e8c5358-d1b3-4605-8892-0872d4e6d97a,TEMP-101,38,2025-10-27 17:42:00,S0_PLANNED,2025-10-20 17:42:00,,
a3359bd4-62ef-4c8c-a449-6589a2bee15e,PRES-200,38,2025-10-24 15:40:00,S0_PLANNED,2025-10-20 15:40:00,,
6fa38554-5ff8-47e3-b4bf-8ed356407c5b,TEMP-101,33,2025-08-24 15:48:00,S0_PLANNED,2025-08-19 15:48:00,,
112d174d-39b6-449b-a8f4-66fd926d13cd,GAS-300,45,2025-10-23 10:02:00,S0_PLANNED,2025-10-20 10:02:00,,
dc7c9930-6745-4167-ac99-3c0c84babb18,PRES-201,21,2025-08-16 10:15:00,S0_PLANNED,2025-08-11 10:15:00,,
f518f857-6762-4e68-b8b9-1edc1111b777,TEMP-101,44,2025-09-07 09:49:00,S0_PLANNED,2025-09-04 09:49:00,,
93dc4547-862a-4a5a-b871-4e6a65d823a0,TEMP-102,66,2025-08-04 09:13:00,S0_PLANNED,2025-08-01 09:13:00,,
e5eaa84e-fdcc-4d60-8a55-b7a8381278eb,TEMP-100,33,2025-09-24 15:42:00,S0_PLANNED,2025-09-18 15:42:00,,
16df3fa3-cb23-465a-b7fb-1d93d220d018,PRES-201,67,2025-10-29 08:02:00,S0_PLANNED,2025-10-23 08:02:00,,
b32def2e-3ccd-4c2c-93e1-a8e15229fc07,TEMP-100,37,2025-08-22 13:58:00,S0_PLANNED,2025-08-18 13:58:00,,
5728943e-f845-4a3c-9ece-f5558e96ef14,PRES-201,63,2025-09-09 10:10:00,S0_PLANNED,2025-09-04 10:10:00,,
ee1da505-8265-4f3f-a2fa-fe9657341e37,TEMP-100,54,2025-08-03 15:51:00,S0_PLANNED,2025-07-29 15:51:00,,
dbd2f6c7-19c8-439d-bd01-2926ac59b77e,PRES-200,25,2025-09-21 10:25:00,S0_PLANNED,2025-09-15 10:25:00,,
f125411a-ff13-4b0d-8703-ed0f220797f4,TEMP-102,46,2025-10-19 17:55:00,S0_PLANNED,2025-10-13 17:55:00,,
c0e923dd-5484-4afe-a5ba-d877228bf023,TEMP-101,61,2025-08-05 15:25:00,S0_PLANNED,2025-07-30 15:25:00,,
b7e7cb68-4e7b-44ef-803f-c537c9c23c84,PRES-200,44,2025-10-07 15:51:00,S0_PLANNED,2025-10-03 15:51:00,,
daf8573d-fd46-41c5-a49e-36b23f927d78,TEMP-102,35,2025-09-14 17:04:00,S0_PLANNED,2025-09-09 17:04:00,,
e8f7b8b6-8ab6-4ad4-851f-fe46ef6b7b7c,TEMP-100,43,2025-09-27 14:10:00,S0_PLANNED,2025-09-22 14:10:00,,
e6105e5a-267c-45af-ba6b-ca618b9cf0e5,PRES-200,42,2025-08-19 08:02:00,S0_PLANNED,2025-08-14 08:02:00,,
68b85791-2bf8-4ca3-944c-e7de6432c3e5,PRES-201,55,2025-08-09 16:54:00,S0_PLANNED,2025-08-04 16:54:00,,
e406e3ba-b2ce-4070-bea0-6a82ba259226,PRES-200,42,2025-08-31 09:04:00,S0_PLANNED,2025-08-25 09:04:00,,